<?xml version="1.0" encoding="UTF-8"?>
<se:editor xmlns:sp="http://www.utc.fr/ics/scenari/v3/primitive" xmlns:pdg="scenari-platform.org:pdg" xmlns:sc="http://www.utc.fr/ics/scenari/v3/core" xmlns="http://www.mozilla.org/keymaster/gatekeeper/there.is.only.xul" xmlns:se="http://www.utc.fr/ics/scenari/v3/editing" se:namespaces="true">
<se:lib xmlns:se="http://www.utc.fr/ics/scenari/v3/editing"><element se:id="pdg_pdg1" type="pdg_pdg1##" se:bind="element" se:name="pdg:pdg1" se:title="Pdg" se:declareNs="sp pdg sc" abstractXsl="chrome://pdg0-0_1/content/pdg_pdg1/titles.xsl"><childs><se:ref se:refid="s_content"/></childs></element><hiddenElement se:id="pdg_pdg1:hideHeader" type="pdg_pdg1#" se:bind="element" se:name="pdg:pdg1" se:title="Pdg" se:declareNs="sp pdg sc"><childs><se:ref se:refid="s_content"/></childs></hiddenElement><se:template se:id="s_content">
		<se:ref se:refurl="chrome://pdg0-0_1/content/pdg_pdgMeta/form.xed.xml#pdg_pdgMeta:hideHeader" se:card="1"/>
	</se:template></se:lib></se:editor>