<?xml version="1.0" encoding="UTF-8"?>
<se:editor xmlns:sp="http://www.utc.fr/ics/scenari/v3/primitive" xmlns:pdg="scenari-platform.org:pdg" xmlns:sc="http://www.utc.fr/ics/scenari/v3/core" xmlns="http://www.mozilla.org/keymaster/gatekeeper/there.is.only.xul" xmlns:se="http://www.utc.fr/ics/scenari/v3/editing" se:namespaces="true">
<se:uiLib xmlns:se="http://www.utc.fr/ics/scenari/v3/editing" se:src="chrome://scenariXedLib/content/libUiExtra/dateInput/dateInput.uilib.xml"/><se:lib xmlns:se="http://www.utc.fr/ics/scenari/v3/editing"><element type="pdg_date#" se:id="pdg_date" se:bind="element" se:name="pdg:date" se:title="Date" se:declareNs="sp pdg sc"><childs><se:ref se:refid="s_content"/></childs></element><hiddenElement type="pdg_date#" se:id="pdg_date:hideHeader" se:bind="element" se:name="pdg:date" se:title="Date" se:declareNs="sp pdg sc"><childs><se:ref se:refid="s_content"/></childs></hiddenElement><se:template se:id="s_content"><element se:name="sp:date" se:title="Date" se:bind="element" startAt="80" class="property" orientation="horizontal"><childs><contentElement se:bind="text" class="property"><dateInput notnull="true"/></contentElement></childs></element></se:template></se:lib></se:editor>