<?xml version="1.0" encoding="UTF-8"?>
<pack code="pdg0-0_1" version="0.0.1">
	<wspTypeUi uri="pdg0-0_1" lang="" key="pdg0-0" component="@scenari.com/ui/wspType;1" title="pagedegarde 0.0" version="0.0.1"><generators><generator code="hellouniverseWebGen" title="Générateur HTML" owner="pdg0-0" type="sm_webSiteGenerator"><rootModel code="pdg_pdg2" owner="pdg0-0"/><skin srcRes="pdg0-0.ss" srcVersion="0.0.1" srcLang="" srcPath="/_skinSet/default/gVX2bwpskBGsKT6ywVCpj/skin.doss" code="default" title="Habillage standard" owner="pdg0-0" isTemplate="true"/></generator></generators><uiOverlay onUriKey="chrome://scenariWsp/content/desks/wspDesk/extTarget.js" src="chrome://pdg0-0_1/content/wspDesk.extSource.js"/><uiOverlay onUriKey="chrome://scenariWspAdmin/content/extTarget.js" src="chrome://pdg0-0_1/content/wspDeskAdmin.extSource.js"/><uiOverlay onUriKey="chrome://scenariWsp/content/extTarget.js" src="chrome://pdg0-0_1/content/extSource.js"/></wspTypeUi>
	
</pack>