<?xml version="1.0" encoding="UTF-8"?>
<se:editor xmlns:sp="http://www.utc.fr/ics/scenari/v3/primitive" xmlns:sc="http://www.utc.fr/ics/scenari/v3/core" xmlns:cv="scenari-platform:cv" xmlns="http://www.mozilla.org/keymaster/gatekeeper/there.is.only.xul" xmlns:se="http://www.utc.fr/ics/scenari/v3/editing" se:namespaces="true">
<se:lib xmlns:se="http://www.utc.fr/ics/scenari/v3/editing"><dropPasteItem type="cv_cv#" se:id="cv_cv" se:bind="element" se:name="cv:cv" se:title="CV-GK" se:declareNs="sp sc cv" regexpSgn=".*@cv_cv\b.*" childrenRoot="true"><element abstractXsl="chrome://cv0-0_1/content/cv_cv/titles.xsl" fuzzyPaste="noWrap" type="cv_cv##"><childs><se:ref se:refid="s_content"/></childs></element></dropPasteItem><dropPasteItem type="cv_cv#" se:id="cv_cv:hideHeader" se:bind="element" se:name="cv:cv" se:title="CV-GK" se:declareNs="sp sc cv" regexpSgn=".*@cv_cv\b.*" childrenRoot="true"><hiddenElement><childs><se:ref se:refid="s_content"/></childs></hiddenElement></dropPasteItem><se:template se:id="s_content">
		<element se:bind="elementSubtree" se:name="sp:infopg" se:title="Info Partie Gauche" fuzzyPaste="full" abstractXsl="chrome://cv0-0_1/content/cv_cv/titles.xsl" type="cv_cv##"><childs><se:ref se:refurl="chrome://cv0-0_1/content/cv_infopg/form.xed.xml#cv_infopg:hideHeader"/></childs></element>
		<element se:bind="elementSubtree" se:name="sp:infopd" se:title="Info Partie Droite" fuzzyPaste="full" abstractXsl="chrome://cv0-0_1/content/cv_cv/titles.xsl" type="cv_cv##"><childs><se:ref se:refurl="chrome://cv0-0_1/content/cv_infopd/form.xed.xml#cv_infopd:hideHeader"/></childs></element>
	</se:template></se:lib><xmlview se:bind="document"><hiddenElement se:bind="element" se:name="sc:item" se:id="s_item" se:title="Item" se:declareNs="sc"><childs><dropPasteItem se:bind="element" type="cv_cv#" se:name="cv:cv" se:title="CV-GK" se:declareNs="sp sc cv" regexpSgn=".*@cv_cv\b.*" childrenRoot="true"><element insert="collapsed" opened="always" fuzzyPaste="noWrap" type="cv_cv##"><childs><se:ref se:refid="s_content"/></childs></element></dropPasteItem></childs></hiddenElement></xmlview></se:editor>