<?xml version="1.0" encoding="UTF-8"?>
<se:editor xmlns:sp="http://www.utc.fr/ics/scenari/v3/primitive" xmlns:pdg="scenari-platform.org:pdg" xmlns:sc="http://www.utc.fr/ics/scenari/v3/core" xmlns="http://www.mozilla.org/keymaster/gatekeeper/there.is.only.xul" xmlns:se="http://www.utc.fr/ics/scenari/v3/editing" se:namespaces="true">
<se:lib xmlns:se="http://www.utc.fr/ics/scenari/v3/editing"><dropPasteItem type="pdg_pdg2#" se:id="pdg_pdg2" se:bind="element" se:name="pdg:pdg2" se:title="PageDeGarde" se:declareNs="sp pdg sc" regexpSgn=".*@pdg_pdg2\b.*" childrenRoot="true"><element abstractXsl="chrome://pdg0-0_1/content/pdg_pdg2/titles.xsl" fuzzyPaste="noWrap" type="pdg_pdg2##"><childs><se:ref se:refid="s_content"/></childs></element></dropPasteItem><dropPasteItem type="pdg_pdg2#" se:id="pdg_pdg2:hideHeader" se:bind="element" se:name="pdg:pdg2" se:title="PageDeGarde" se:declareNs="sp pdg sc" regexpSgn=".*@pdg_pdg2\b.*" childrenRoot="true"><hiddenElement><childs><se:ref se:refid="s_content"/></childs></hiddenElement></dropPasteItem><se:template se:id="s_content">
		<element se:bind="elementSubtree" se:name="sp:data" se:title="Données" fuzzyPaste="full" abstractXsl="chrome://pdg0-0_1/content/pdg_pdg2/titles.xsl" type="pdg_pdg2##"><childs><se:ref se:refurl="chrome://pdg0-0_1/content/pdg_don/form.xed.xml#pdg_don:hideHeader"/></childs></element>
	</se:template></se:lib><xmlview se:bind="document"><hiddenElement se:bind="element" se:name="sc:item" se:id="s_item" se:title="Item" se:declareNs="sc"><childs><dropPasteItem se:bind="element" type="pdg_pdg2#" se:name="pdg:pdg2" se:title="PageDeGarde" se:declareNs="sp pdg sc" regexpSgn=".*@pdg_pdg2\b.*" childrenRoot="true"><element insert="collapsed" opened="always" fuzzyPaste="noWrap" type="pdg_pdg2##"><childs><se:ref se:refid="s_content"/></childs></element></dropPasteItem></childs></hiddenElement></xmlview></se:editor>