<?xml version="1.0" encoding="UTF-8" ?>
<trace><start t="20/06/19 15:44:57"/><l t="Info" d="20/06/19 15:44:58"><message type="Info" ts="1561038298125" appCtx="chain" thread="chain-executor-73" desc="launchTest.dataRootPath=/home/adminpc/SCbuilder4.2/pageDeGardeIcone/tests/pdg"/></l><l t="Info" d="20/06/19 15:44:58"><message type="Info" ts="1561038298125" appCtx="chain" thread="chain-executor-73" desc="launchTest.publicRootUrl=http://127.0.0.1:8136/pageDeGardeIcone/tests.pdg"/></l><end t="20/06/19 15:44:58"/></trace>