<?xml version="1.0" encoding="UTF-8"?>
<diffConfig>
<lib>
<elt xmlns:sp="http://www.utc.fr/ics/scenari/v3/primitive" id="cv_cv" lname="cv" ns="scenari-platform:cv">
<seq>
<eltChild name="sp:infopg">
<eltChild refId="cv_infopg"/>
</eltChild>
<eltChild name="sp:infopd">
<eltChild refId="cv_infopd"/>
</eltChild>
</seq>
</elt>
<elt xmlns:sp="http://www.utc.fr/ics/scenari/v3/primitive" id="cv_infopg" lname="infopg" ns="scenari-platform:cv">
<seq>
<eltChild name="sp:b1">
<eltChild refId="bs_sTitle"/>
<alt>
<attr refId="@sc_refUri"/>
<eltChild refId="bs_sTxt"/>
</alt>
</eltChild>
<eltChild name="sp:b2">
<alt>
<attr refId="@sc_refUri"/>
<eltChild refId="cv_contf"/>
</alt>
</eltChild>
<eltChild name="sp:b2bis">
<alt>
<attr refId="@sc_refUri"/>
<eltChild refId="cv_contce"/>
</alt>
</eltChild>
<eltChild name="sp:b3">
<alt>
<attr refId="@sc_refUri"/>
<eltChild refId="cv_contco"/>
</alt>
</eltChild>
<eltChild name="sp:b4">
<eltChild refId="cv_info"/>
<alt>
<attr refId="@sc_refUri"/>
</alt>
</eltChild>
</seq>
</elt>
<elt xmlns:sc="http://www.utc.fr/ics/scenari/v3/core" id="bs_sTxt" lname="sTxt" ns="scpf.org:base">
<eltChild id="bs_sTxt#para" lname="para" ns="http://www.utc.fr/ics/scenari/v3/core">
<analyzer type="eu.scenari.diff.bcd.analyzer.mixct.MixCtAnalyzer" nodeWeight="1">
<inlineElt names="sc:phrase|sc:uLink|sc:inlineStyle|sc:textLeaf"/>
<extraNodeShown names="sc:objectLeaf|sc:emptyLeaf|sc:inlineImg|sc:note"/>
</analyzer>
<eltChild id="bs_sTxt#uLink_url" lname="uLink" restrictAttr="role=url" ns="http://www.utc.fr/ics/scenari/v3/core">
<analyzer type="eu.scenari.diff.bcd.analyzer.mixct.MixCtInlineEltAnalyzer"/>
<eltChild refId="bs_sTxt#uLink_url"/>
<eltChild refId="bs_sTxt#phrase_quote"/>
<eltChild refId="bs_sTxt#inlineStyle_imp"/>
<eltChild refId="bs_sTxt#inlineImg_ico"/>
</eltChild>
<eltChild id="bs_sTxt#phrase_quote" lname="phrase" restrictAttr="role=quote" ns="http://www.utc.fr/ics/scenari/v3/core">
<analyzer type="eu.scenari.diff.bcd.analyzer.mixct.MixCtInlineEltAnalyzer"/>
<eltChild refId="bs_sTxt#uLink_url"/>
<eltChild refId="bs_sTxt#phrase_quote"/>
<eltChild refId="bs_sTxt#inlineStyle_imp"/>
<eltChild refId="bs_sTxt#inlineImg_ico"/>
</eltChild>
<eltChild id="bs_sTxt#inlineStyle_imp" lname="inlineStyle" restrictAttr="role=imp" ns="http://www.utc.fr/ics/scenari/v3/core">
<analyzer type="eu.scenari.diff.bcd.analyzer.mixct.MixCtInlineEltAnalyzer"/>
<eltChild refId="bs_sTxt#uLink_url"/>
<eltChild refId="bs_sTxt#phrase_quote"/>
<eltChild refId="bs_sTxt#inlineStyle_imp"/>
<eltChild refId="bs_sTxt#inlineImg_ico"/>
</eltChild>
<eltChild id="bs_sTxt#inlineImg_ico" lname="inlineImg" restrictAttr="role=ico" ns="http://www.utc.fr/ics/scenari/v3/core"/>
</eltChild>
<eltChild id="bs_sTxt#simpleList_" lname="simpleList" restrictAttr="role=" ns="http://www.utc.fr/ics/scenari/v3/core">
<eltChild lname="member" ns="http://www.utc.fr/ics/scenari/v3/core">
<analyzer type="eu.scenari.diff.bcd.analyzer.mixct.MixCtAnalyzer" nodeWeight="1">
<inlineElt names="sc:phrase|sc:uLink|sc:inlineStyle|sc:textLeaf"/>
<extraNodeShown names="sc:objectLeaf|sc:emptyLeaf|sc:inlineImg|sc:note"/>
</analyzer>
<eltChild refId="bs_sTxt#uLink_url"/>
<eltChild refId="bs_sTxt#phrase_quote"/>
<eltChild refId="bs_sTxt#inlineStyle_imp"/>
<eltChild refId="bs_sTxt#inlineImg_ico"/>
</eltChild>
</eltChild>
<eltChild id="bs_sTxt#itemizedList_" lname="itemizedList" restrictAttr="role=" ns="http://www.utc.fr/ics/scenari/v3/core">
<analyzer nodeWeight="1"/>
<eltChild lname="listItem" ns="http://www.utc.fr/ics/scenari/v3/core">
<analyzer nodeWeight="1"/>
<eltChild refId="bs_sTxt#para"/>
<eltChild refId="bs_sTxt#simpleList_"/>
<eltChild refId="bs_sTxt#itemizedList_"/>
<eltChild refId="bs_sTxt#orderedList_"/>
</eltChild>
</eltChild>
<eltChild id="bs_sTxt#orderedList_" lname="orderedList" restrictAttr="role=" ns="http://www.utc.fr/ics/scenari/v3/core">
<eltChild lname="listItem" ns="http://www.utc.fr/ics/scenari/v3/core">
<analyzer nodeWeight="1"/>
<eltChild refId="bs_sTxt#para"/>
<eltChild refId="bs_sTxt#simpleList_"/>
<eltChild refId="bs_sTxt#itemizedList_"/>
<eltChild refId="bs_sTxt#orderedList_"/>
</eltChild>
</eltChild>
</elt>
<elt xmlns:sp="http://www.utc.fr/ics/scenari/v3/primitive" id="cv_contf" lname="contf" ns="scenari-platform:cv">
<eltChild name="sp:contenuf">
<eltChild refId="cv_filter"/>
<alt>
<attr refId="@sc_refUri"/>
<eltChild refId="bs_sTxt"/>
</alt>
</eltChild>
</elt>
<elt xmlns:sp="http://www.utc.fr/ics/scenari/v3/primitive" id="cv_filter" lname="filter" ns="scenari-platform:cv">
<seq>
<eltChild name="sp:exclude"/>
</seq>
</elt>
<elt xmlns:sp="http://www.utc.fr/ics/scenari/v3/primitive" id="cv_contce" lname="contce" ns="scenari-platform:cv">
<eltChild name="sp:contenuce">
<eltChild refId="cv_filter"/>
<alt>
<attr refId="@sc_refUri"/>
<eltChild refId="bs_sTxt"/>
</alt>
</eltChild>
</elt>
<elt xmlns:sp="http://www.utc.fr/ics/scenari/v3/primitive" id="cv_contco" lname="contco" ns="scenari-platform:cv">
<eltChild name="sp:contenuco">
<eltChild refId="cv_filter"/>
<alt>
<attr refId="@sc_refUri"/>
<eltChild refId="bs_sTxt"/>
</alt>
</eltChild>
</elt>

<elt id="bs_sTitle" lname="sTitle" ns="scpf.org:base"/>
<elt xmlns:sp="http://www.utc.fr/ics/scenari/v3/primitive" id="cv_info" lname="info" ns="scenari-platform:cv">
<seq>
<eltChild name="sp:exppro"/>
<eltChild name="sp:diplome"/>
<eltChild name="sp:age"/>
<eltChild name="sp:nat"/>
<eltChild name="sp:langue"/>
<eltChild name="sp:autre"/>
</seq>
</elt>
<elt xmlns:sp="http://www.utc.fr/ics/scenari/v3/primitive" id="cv_infopd" lname="infopd" ns="scenari-platform:cv">
<seq>
<eltChild name="sp:b1">
<eltChild refId="bs_sTitle"/>
<alt>
<attr refId="@sc_refUri"/>
</alt>
</eltChild>
<eltChild name="sp:b2">
<alt>
<attr refId="@sc_refUri"/>
<eltChild refId="cv_contm"/>
</alt>
</eltChild>
<eltChild name="sp:b3">
<alt>
<attr refId="@sc_refUri"/>
<eltChild refId="cv_contr"/>
</alt>
</eltChild>
<eltChild name="sp:b4">
<alt>
<attr refId="@sc_refUri"/>
<eltChild refId="cv_conte"/>
</alt>
</eltChild>
<eltChild name="sp:b5">
<alt>
<attr refId="@sc_refUri"/>
<eltChild refId="cv_contco"/>
</alt>
</eltChild>
</seq>
</elt>
<elt xmlns:sp="http://www.utc.fr/ics/scenari/v3/primitive" id="cv_contm" lname="contm" ns="scenari-platform:cv">
<eltChild name="sp:contenum">
<eltChild refId="cv_filter"/>
<alt>
<attr refId="@sc_refUri"/>
<eltChild refId="bs_sTxt"/>
</alt>
</eltChild>
</elt>
<elt xmlns:sp="http://www.utc.fr/ics/scenari/v3/primitive" id="cv_contr" lname="contr" ns="scenari-platform:cv">
<eltChild name="sp:contenur">
<eltChild refId="cv_filter"/>
<alt>
<attr refId="@sc_refUri"/>
<eltChild refId="bs_sTxt"/>
</alt>
</eltChild>
</elt>
<elt xmlns:sp="http://www.utc.fr/ics/scenari/v3/primitive" id="cv_conte" lname="conte" ns="scenari-platform:cv">
<eltChild name="sp:contenue">
<eltChild refId="cv_filter"/>
<alt>
<attr refId="@sc_refUri"/>
<eltChild refId="bs_sTxt"/>
</alt>
</eltChild>
</elt>

</lib>
<contextAnalyzers>
<attr id="@sc_refUri" lname="refUri" ns="http://www.utc.fr/ics/scenari/v3/core" analyzer="eu.scenari.wsp.diff.RefUriAnalyzer"/>
<comment customMatcher="eu.scenari.diff.bcd.analyzer.sccomment.ScCommentAnalyzerMatcher" analyzer="eu.scenari.diff.bcd.analyzer.sccomment.ScCommentAnalyzer"/>
<document>
<eltChild lname="item" ns="http://www.utc.fr/ics/scenari/v3/core">
<eltChild refId="cv_cv"/>
</eltChild>
</document>
</contextAnalyzers>
</diffConfig>
