<?xml version="1.0" encoding="UTF-8" ?>
<structure code="_root" xmlns:java="http://xml.apache.org/xslt/java">
<listenoeuds>
<noeud cle="content" type="singleton">
<ref type="xpath-statique">concat('/@', getIdNode(.), '')</ref>
</noeud>
</listenoeuds>
	
<redirect code="contentRoot">
<pathAgent type="xpath-statique">concat('@', getIdNode(.), '')</pathAgent>
</redirect>
	
<valeur code="title">
<source type="resultat-dynamique">agent=//contentRoot&amp;arguments=fullTitleText</source>
</valeur>
<valeur code="genId">
<source type="xpath-statique">java:java.lang.Long.toString(java:java.lang.System.currentTimeMillis(), 36)</source>
<resultat cache="*"/>
</valeur>

</structure>