<?xml version="1.0" encoding="UTF-8"?>
<se:editor xmlns:sp="http://www.utc.fr/ics/scenari/v3/primitive" xmlns:sc="http://www.utc.fr/ics/scenari/v3/core" xmlns:cv="scenari-platform:cv" xmlns:bs="scpf.org:base" xmlns="http://www.mozilla.org/keymaster/gatekeeper/there.is.only.xul" xmlns:se="http://www.utc.fr/ics/scenari/v3/editing" se:namespaces="true">
<se:lib xmlns:se="http://www.utc.fr/ics/scenari/v3/editing"><element se:id="cv_contr" type="cv_contr##" se:bind="element" se:name="cv:contr" se:title="Contenu bloc" se:declareNs="sp sc cv bs" abstractXsl="chrome://cv0-0_1/content/cv_contr/titles.xsl"><childs><se:ref se:refid="s_content"/></childs></element><hiddenElement se:id="cv_contr:hideHeader" type="cv_contr#" se:bind="element" se:name="cv:contr" se:title="Contenu bloc" se:declareNs="sp sc cv bs"><childs><se:ref se:refid="s_content"/></childs></hiddenElement><se:template se:id="s_content">
		<vbox><se:choice se:card="+">
			<element se:bind="elementSubtree" se:name="sp:contenur" se:title="Réalisation" fuzzyPaste="full" abstractXsl="chrome://cv0-0_1/content/cv_contr/titles.xsl" type="cv_contr##"><childs><se:ref se:refurl="chrome://cv0-0_1/content/_xed/cv_filter.xed.xml#cv_filter" se:card="1"/><se:ref se:refurl="chrome://cv0-0_1/content/bs_sTxt/form.xed.xml#text:hideHeader"/></childs></element>
		</se:choice><insert se:bind="current"/></vbox>
	</se:template></se:lib></se:editor>