<?xml version="1.0" encoding="UTF-8"?>
<diffConfig>
<lib>
<elt xmlns:sp="http://www.utc.fr/ics/scenari/v3/primitive" id="pdg_pdg2" lname="pdg2" ns="scenari-platform.org:pdg">
<eltChild name="sp:data">
<alt>
<attr refId="@sc_refUri"/>
<eltChild refId="pdg_don"/>
</alt>
</eltChild>
</elt>
<elt xmlns:sp="http://www.utc.fr/ics/scenari/v3/primitive" id="pdg_don" lname="don" ns="scenari-platform.org:pdg">
<seq>
<eltChild name="sp:lib">
<eltChild refId="bs_sTxt"/>
</eltChild>
<eltChild name="sp:date">
<eltChild refId="pdg_date"/>
<alt>
<attr refId="@sc_refUri"/>
</alt>
</eltChild>
<eltChild name="sp:salle">
<eltChild refId="pdg_salle"/>
<alt>
<attr refId="@sc_refUri"/>
</alt>
</eltChild>
<eltChild name="sp:photo2">
<alt>
<attr refId="@sc_refUri"/>
</alt>
</eltChild>
<eltChild name="sp:des">
<eltChild refId="pdg_filter"/>
<eltChild refId="bs_sTxt"/>
</eltChild>
</seq>
</elt>
<elt xmlns:sc="http://www.utc.fr/ics/scenari/v3/core" id="bs_sTxt" lname="sTxt" ns="scpf.org:base">
<eltChild id="bs_sTxt#para" lname="para" ns="http://www.utc.fr/ics/scenari/v3/core">
<analyzer type="eu.scenari.diff.bcd.analyzer.mixct.MixCtAnalyzer" nodeWeight="1">
<inlineElt names="sc:phrase|sc:uLink|sc:inlineStyle|sc:textLeaf"/>
<extraNodeShown names="sc:objectLeaf|sc:emptyLeaf|sc:inlineImg|sc:note"/>
</analyzer>
<eltChild id="bs_sTxt#uLink_url" lname="uLink" restrictAttr="role=url" ns="http://www.utc.fr/ics/scenari/v3/core">
<analyzer type="eu.scenari.diff.bcd.analyzer.mixct.MixCtInlineEltAnalyzer"/>
<eltChild refId="bs_sTxt#uLink_url"/>
<eltChild refId="bs_sTxt#phrase_quote"/>
<eltChild refId="bs_sTxt#inlineStyle_imp"/>
<eltChild refId="bs_sTxt#inlineImg_ico"/>
</eltChild>
<eltChild id="bs_sTxt#phrase_quote" lname="phrase" restrictAttr="role=quote" ns="http://www.utc.fr/ics/scenari/v3/core">
<analyzer type="eu.scenari.diff.bcd.analyzer.mixct.MixCtInlineEltAnalyzer"/>
<eltChild refId="bs_sTxt#uLink_url"/>
<eltChild refId="bs_sTxt#phrase_quote"/>
<eltChild refId="bs_sTxt#inlineStyle_imp"/>
<eltChild refId="bs_sTxt#inlineImg_ico"/>
</eltChild>
<eltChild id="bs_sTxt#inlineStyle_imp" lname="inlineStyle" restrictAttr="role=imp" ns="http://www.utc.fr/ics/scenari/v3/core">
<analyzer type="eu.scenari.diff.bcd.analyzer.mixct.MixCtInlineEltAnalyzer"/>
<eltChild refId="bs_sTxt#uLink_url"/>
<eltChild refId="bs_sTxt#phrase_quote"/>
<eltChild refId="bs_sTxt#inlineStyle_imp"/>
<eltChild refId="bs_sTxt#inlineImg_ico"/>
</eltChild>
<eltChild id="bs_sTxt#inlineImg_ico" lname="inlineImg" restrictAttr="role=ico" ns="http://www.utc.fr/ics/scenari/v3/core"/>
</eltChild>
<eltChild id="bs_sTxt#simpleList_" lname="simpleList" restrictAttr="role=" ns="http://www.utc.fr/ics/scenari/v3/core">
<eltChild lname="member" ns="http://www.utc.fr/ics/scenari/v3/core">
<analyzer type="eu.scenari.diff.bcd.analyzer.mixct.MixCtAnalyzer" nodeWeight="1">
<inlineElt names="sc:phrase|sc:uLink|sc:inlineStyle|sc:textLeaf"/>
<extraNodeShown names="sc:objectLeaf|sc:emptyLeaf|sc:inlineImg|sc:note"/>
</analyzer>
<eltChild refId="bs_sTxt#uLink_url"/>
<eltChild refId="bs_sTxt#phrase_quote"/>
<eltChild refId="bs_sTxt#inlineStyle_imp"/>
<eltChild refId="bs_sTxt#inlineImg_ico"/>
</eltChild>
</eltChild>
<eltChild id="bs_sTxt#itemizedList_" lname="itemizedList" restrictAttr="role=" ns="http://www.utc.fr/ics/scenari/v3/core">
<analyzer nodeWeight="1"/>
<eltChild lname="listItem" ns="http://www.utc.fr/ics/scenari/v3/core">
<analyzer nodeWeight="1"/>
<eltChild refId="bs_sTxt#para"/>
<eltChild refId="bs_sTxt#simpleList_"/>
<eltChild refId="bs_sTxt#itemizedList_"/>
<eltChild refId="bs_sTxt#orderedList_"/>
</eltChild>
</eltChild>
<eltChild id="bs_sTxt#orderedList_" lname="orderedList" restrictAttr="role=" ns="http://www.utc.fr/ics/scenari/v3/core">
<eltChild lname="listItem" ns="http://www.utc.fr/ics/scenari/v3/core">
<analyzer nodeWeight="1"/>
<eltChild refId="bs_sTxt#para"/>
<eltChild refId="bs_sTxt#simpleList_"/>
<eltChild refId="bs_sTxt#itemizedList_"/>
<eltChild refId="bs_sTxt#orderedList_"/>
</eltChild>
</eltChild>
</elt>
<elt xmlns:sp="http://www.utc.fr/ics/scenari/v3/primitive" id="pdg_date" lname="date" ns="scenari-platform.org:pdg">
<seq>
<eltChild name="sp:date"/>
</seq>
</elt>
<elt xmlns:sp="http://www.utc.fr/ics/scenari/v3/primitive" id="pdg_salle" lname="salle" ns="scenari-platform.org:pdg">
<seq>
<eltChild name="sp:salle">
<eltChild name="sp:nbsalle"/>
</eltChild>
</seq>
</elt>
<elt xmlns:sp="http://www.utc.fr/ics/scenari/v3/primitive" id="pdg_filter" lname="filter" ns="scenari-platform.org:pdg">
<seq>
<eltChild name="sp:exclude"/>
</seq>
</elt>

</lib>
<contextAnalyzers>
<attr id="@sc_refUri" lname="refUri" ns="http://www.utc.fr/ics/scenari/v3/core" analyzer="eu.scenari.wsp.diff.RefUriAnalyzer"/>
<comment customMatcher="eu.scenari.diff.bcd.analyzer.sccomment.ScCommentAnalyzerMatcher" analyzer="eu.scenari.diff.bcd.analyzer.sccomment.ScCommentAnalyzer"/>
<document>
<eltChild lname="item" ns="http://www.utc.fr/ics/scenari/v3/core">
<eltChild refId="pdg_pdg2"/>
</eltChild>
</document>
</contextAnalyzers>
</diffConfig>
