<?xml version="1.0" encoding="UTF-8"?>
<fs xmlns:sc="http://www.utc.fr/ics/scenari/v3/core">
<bdp classSignature="@pdg_pdg2">
		
<validAttrMatchSgn nm="pdg_don:photo2" regexpSgn=".*(@sfile_jpg_jpeg|@sfile_png)\b.*">
<pb typ="Error" msg="Cet item n&apos;est pas d&apos;un type autorisé : 'Image JPEG', 'Image PNG'"/>
</validAttrMatchSgn>
<validAttrMatchSgn nm="bs_sTxt:inlineImgTag:ico" regexpSgn=".*(@sfile_jpg_jpeg|@sfile_png)\b.*">
<pb typ="Error" msg="Cet item n&apos;est pas d&apos;un type autorisé : 'Image JPEG', 'Image PNG'"/>
</validAttrMatchSgn>




<validAttrMatchSgn nm="?">
<pb typ="Error" msg="Lien inconnu."/>
</validAttrMatchSgn>
<validAttrIfNull>
<pb typ="Error" msg="L&apos;item référencé n&apos;existe pas."/>
</validAttrIfNull>
<identification codeModule="identif"/>
<enregistrement codeModule="save"/>
<renommage codeModule="rename"/>
</bdp>
	
<module code="identif" type="com.scenari.m.bdp.module.identif.xml.HModuleIdentifItemLoader" localName="pdg2" namespace="scenari-platform.org:pdg" fileExt=".xml"/>
	
<module code="pres" type="com.scenari.m.bdp.module.pres.HModulePresLoader">
<intituleModele>PageDeGarde</intituleModele>
</module>
	
<module code="system.xul" type="com.scenari.m.bdp.module.xul.HModuleXulLoader">
<package code="pdg0-0_1"/>
<model code="pdg_pdg2"/>
</module>
	
	
<module code="outline" type="com.scenari.m.bdp.facet.outline.leaf.FacetOutlineLeafLoader" xpItemRoot="sc:item"/>

	
	
	
<module code="save" type="com.scenari.m.bdp.module.save.HModuleSaveLoader">
<genItem codeModule="validXml"/>
<genItem codeModule="genAttrs"/>
<genItem codeModule="validSchema"/>
</module>
	
<module code="validXml" type="com.scenari.m.bdp.module.validxml.HModuleValidXmlLoader">
<declarationXml>
<encodingDeclare op="egal" valeurs="null">
<alerte code="declaredencoding.notspecified" message="Aucun &apos;encoding&apos; n&apos;est déclaré dans votre fichier XML." details="Il est fortement conseillé d&apos;ajouter la déclaration Xml en début de fichier en précisant son encoding : UTF-8 par exemple."/>
</encodingDeclare>
</declarationXml>
</module>
	
<module code="rename" type="com.scenari.m.bdp.module.rename.uii.HModuleRenameUiiLoader"/>
	
<module code="export" type="eu.scenari.facet.export.FacetExportLoader"/>

<module code="genAttrs" type="com.scenari.m.bdp.module.genitem.HModuleGenItemXslLoader">
<xsl sc:refUri="/~param/pdg0-0/ss/pdg_pdg2.genAttr.ss.xsl"/>
</module>
	
<module code="validSchema" type="com.scenari.m.bdp.module.validng.HModuleValidRelaxNgLoader">
<schema sc:refUri="/~param/pdg0-0/ss/pdg_pdg2.rng"/>
</module>
	
<module code="diff4xed" type="eu.scenari.wsp.module.diff.ModuleDiffLoader">
<diffConfig sc:refUri="/~param/pdg0-0/ss/pdg_pdg2.diff4xed.xml"/>
</module>
	
	<module type="eu.scenari.wsp.module.bsbinding.ModuleBsBindingLoader" code="bsBinding"><context code="hellouniverseWebGen"><bs sc:refUri="/~param/pdg0-0/bs/pagedegarde/gen/web/transf/pagedegarde.bs.xml"/><bs sc:refUri="/~param/pdg0-0/bs/pagedegarde/gen/web/transf/données.bs.xml"/><bs sc:refUri="/~param/pdg0-0/bs/base/sTxt/sTxt_web.bs.xml"/><bs sc:refUri="/~param/pdg0-0/bs/pagedegarde/gen/web/transf/date.bs.xml"/><bs sc:refUri="/~param/pdg0-0/bs/pagedegarde/gen/web/transf/salle.bs.xml"/></context><context code="genPrint"><bs sc:refUri="/~param/pdg0-0/bs/pagedegarde/gen/web/transf/pagedegarde.bs.xml"/><bs sc:refUri="/~param/pdg0-0/bs/pagedegarde/gen/web/transf/données.bs.xml"/><bs sc:refUri="/~param/pdg0-0/bs/base/sTxt/sTxt_web.bs.xml"/><bs sc:refUri="/~param/pdg0-0/bs/pagedegarde/gen/web/transf/date.bs.xml"/><bs sc:refUri="/~param/pdg0-0/bs/pagedegarde/gen/web/transf/salle.bs.xml"/></context></module><module code="gen_hellouniverseWebGen" type="eu.scenari.wsp.module.gen.ModuleGenLoader" title="Générateur HTML"><context><agtBag alias="@" type="append"><bs sc:refUri="/~param/pdg0-0/gen/hellouniverseWebGen/bs.doss/_root.xml"/></agtBag></context><generator classGen="com.scenari.m.ge.generator.web.WebGenerator"><publishFiles sc:refUri="/~param/pdg0-0/gen/hellouniverseWebGen/ui.doss"/></generator></module><module code="gen_genPrint" type="eu.scenari.wsp.module.gen.ModuleGenLoader" title="Support papier PDF"><context><agtBag alias="@" type="append"><bs sc:refUri="/~param/pdg0-0/gen/genPrint/bs.doss/_root.xml"/></agtBag></context><generator classGen="com.scenari.m.ge.generator.web.WebGenerator"><publishFiles sc:refUri="/~param/pdg0-0/gen/genPrint/ui.doss"/></generator></module>
	
	<module type="eu.scenari.wsp.module.search.ModuleSearchPropsLoader" code="search"/>
	
<module code="fullText" type="com.scenari.m.bdp.module.fulltext.ModuleFullTextXmlLoader"/>
</fs>