<?xml version="1.0" encoding="UTF-8"?>
<fs xmlns:sc="http://www.utc.fr/ics/scenari/v3/core">
<bdp classSignature="@sfile_png" contentStatus="folder">
		
		
<validAttrMatchSgn nm="?">
<pb typ="Error" msg="Lien inconnu."/>
</validAttrMatchSgn>
<validAttrIfNull>
<pb typ="Error" msg="L&apos;item référencé n&apos;existe pas."/>
</validAttrIfNull>
		
<renommage codeModule="rename"/>
<identification codeModule="identif"/>
<enregistrement codeModule="save"/>
</bdp>
	
	<module code="identif" type="com.scenari.m.bdp.module.identif.res.HModuleIdentifResLoader"><identifEntry certainty="13" extension="png"/><identifEntry certainty="11" mimeType="image/png"/></module>
	
<module code="pres" type="com.scenari.m.bdp.module.pres.HModulePresLoader">
<intituleModele>Ressource / Image PNG</intituleModele>
</module>
	
<module code="system.xul" type="com.scenari.m.bdp.module.xul.HModuleXulLoader">
<package code="pdg0-0_1"/>
<model code="sfile_png"/>
</module>
	
	
	
<module code="save" type="com.scenari.m.bdp.module.save.automultires.HModuleSaveAutoMultiResLoader">
<genItem uriRes="" errorIfNotExist="La ressource est manquante" errorIfLength0="La ressource est vide"/>
		
<genItem codeModule="genAttrs" uriRes="/meta\.xml"/>
<genItem codeModule="validSchema" uriRes="/meta\.xml"/>

</module>
	
<module code="replaceMs" type="com.scenari.m.bdp.facet.replacemainstream.FacetReplaceMainStreamLoader" />
	
	
<module code="fullText" type="com.scenari.m.bdp.module.fulltext.ModuleFullTextXmlLoader" uriRes="/meta.xml"/>
	
	
<module code="export" type="eu.scenari.facet.export.FacetExportLoader"/>
	
<module code="rename" type="com.scenari.m.bdp.module.rename.multi.HModuleRenameMultiLoader">
<renameRes uriResPattern="/meta\.xml" codeModule="renameMeta"/>
</module>
	
<module code="renameMeta" type="com.scenari.m.bdp.module.rename.uii.HModuleRenameUiiLoader"/>
	
	

<module code="genAttrs" type="com.scenari.m.bdp.module.genitem.HModuleGenItemXslLoader">
<xsl sc:refUri="/~param/pdg0-0/ss/sfile_png.genAttr.ss.xsl"/>
</module>
<module code="validSchema" type="com.scenari.m.bdp.module.validng.HModuleValidRelaxNgLoader">
<schema sc:refUri="/~param/pdg0-0/ss/sfile_png.rng"/>
</module>
<module code="diff4xed" type="eu.scenari.wsp.module.diff.ModuleDiffLoader">
<diffConfig sc:refUri="/~param/pdg0-0/ss/sfile_png.diff4xed.xml"/>
</module>

		
	
	<module code="search" type="eu.scenari.wsp.module.search.ModuleSearchPropsLoader"/>
	
<module code="folderRenderer" type="eu.scenari.facet.folderrenderer.FacetFolderRendererLoader" tagRootQName="sfile:png" tagRootNs="http://www.utc.fr/ics/scenari/v3/file"/>
	
	<module type="eu.scenari.wsp.module.bsbinding.ModuleBsBindingLoader" code="bsBinding"><context code="hellouniverseWebGen"><bs sc:refUri="/~param/pdg0-0/bs/binaries/png/print/png@cell.bs.xml"/><bs sc:refUri="/~param/pdg0-0/bs/binaries/png/print/png.bs.xml"/><bs sc:refUri="/~param/pdg0-0/bs/binaries/png/print/png@url.bs.xml"/><bs sc:refUri="/~param/pdg0-0/bs/binaries/png/print/png@inline.bs.xml"/></context><context code="genPrint"><bs sc:refUri="/~param/pdg0-0/bs/binaries/png/print/png@cell.bs.xml"/><bs sc:refUri="/~param/pdg0-0/bs/binaries/png/print/png.bs.xml"/><bs sc:refUri="/~param/pdg0-0/bs/binaries/png/print/png@url.bs.xml"/><bs sc:refUri="/~param/pdg0-0/bs/binaries/png/print/png@inline.bs.xml"/></context></module>
</fs>