<?xml version="1.0" encoding="UTF-8"?>
<diffConfig>
<lib>

</lib>
<contextAnalyzers>
<attr id="@sc_refUri" lname="refUri" ns="http://www.utc.fr/ics/scenari/v3/core" analyzer="eu.scenari.wsp.diff.RefUriAnalyzer"/>
<comment customMatcher="eu.scenari.diff.bcd.analyzer.sccomment.ScCommentAnalyzerMatcher" analyzer="eu.scenari.diff.bcd.analyzer.sccomment.ScCommentAnalyzer"/>
<document>
<eltChild lname="png" ns="http://www.utc.fr/ics/scenari/v3/filemeta">
<eltChild refId=""/>
</eltChild>
</document>
</contextAnalyzers>
</diffConfig>
