<?xml version="1.0" encoding="UTF-8"?>
<se:editor xmlns:sc="http://www.utc.fr/ics/scenari/v3/core" xmlns:bs="scpf.org:base" xmlns="http://www.mozilla.org/keymaster/gatekeeper/there.is.only.xul" xmlns:se="http://www.utc.fr/ics/scenari/v3/editing" se:namespaces="true">
<se:uiLib xmlns:se="http://www.utc.fr/ics/scenari/v3/editing" se:src="chrome://pdg0-0_1/content/bs_sTxt/xedUi/uilib.xml"/><se:lib xmlns:se="http://www.utc.fr/ics/scenari/v3/editing"><element se:id="text" se:bind="element" se:name="bs:sTxt" se:title="Texte (simple)" se:declareNs="sc bs"><childs><contentElement se:bind="current"><richTextInput type="bs_sTxt_" se:bind="plugin" se:childs="*" notnull="true"/></contentElement></childs></element><contentElement se:id="text:hideHeader" se:bind="element" se:name="bs:sTxt" se:title="Texte (simple)" se:declareNs="sc bs"><richTextInput type="bs_sTxt_" se:bind="plugin" se:childs="*" notnull="true"/></contentElement></se:lib><xmlview se:bind="document"><se:ref se:refid="text:hideHeader" flex="1" style="padding:0px;"/></xmlview></se:editor>