<?xml version="1.0" encoding="UTF-8"?>
<structure code="bs_sTitle" racine="//bs:sTitle" 
							xmlns:bs="scpf.org:base" xmlns:sc="http://www.utc.fr/ics/scenari/v3/core" codecomposant="concat(getIdNode(..), '_meta')" version="1.0">
						
<valeur code="fullTitleText">
<source type="xpath-statique">sc:fullTitle</source>
</valeur>
						
<valeur code="shortTitleText">
<source type="xpath-statique">if(sc:shortTitle, sc:shortTitle, sc:fullTitle)</source>
</valeur>
<valeur code="xhtmlContent">
<source type="xpath-dynamique">escapeHtmlAtt(computeStrAgent('//fullTitleText'))</source>
</valeur>
</structure>
				