<?xml version="1.0" encoding="UTF-8"?>
<structure xmlns:xalan="http://xml.apache.org/xalan" xmlns:java="http://xml.apache.org/xslt/java" xmlns:xsl="http://www.w3.org/1999/XSL/Transform" xmlns:sfile="http://www.utc.fr/ics/scenari/v3/file" xmlns:sc="http://www.utc.fr/ics/scenari/v3/core" code="sfile_png_Ainline" racine="/sfile:png" codecomposant="concat(getIdNode(.), '_Ainline')" version="1.0"><valeur code="props"><source type="xslOnSrc-dynamique"><xsl:stylesheet version="1.0" exclude-result-prefixes="xalan sc sp sfm java " xmlns:xsl="http://www.w3.org/1999/XSL/Transform" xmlns:sc="http://www.utc.fr/ics/scenari/v3/core" xmlns:sp="http://www.utc.fr/ics/scenari/v3/primitive" xmlns:sfm="http://www.utc.fr/ics/scenari/v3/filemeta" xmlns:java="http://xml.apache.org/xslt/java" xmlns:xalan="http://xml.apache.org/xalan"><xsl:output method="xml" indent="no" omit-xml-declaration="yes"/><xsl:param name="vDialog"/><xsl:param name="vAgent"/><xsl:param name="vArguments"/><xsl:template match="*"><props><file source="{java:getSrcUri(srcFileAgent())}" baseFileSize="536"/><xsl:variable name="vNativeDims" select="xalan:tokenize(computeStrAgent('//', concat('get:src:', java:getSrcUri(srcFileAgent()), '?', 'transform=img2img&amp;outType=DIMS&amp;outRules=', &quot;Str(pattern'!wpx_!hpx')&quot;)), '_')"/><image nativeWidth="{round($vNativeDims[1])}" nativeHeight="{round($vNativeDims[2])}"/></props></xsl:template></xsl:stylesheet></source><resultat cache="*"/></valeur>
	
	
	<valeur code="xhtmlContent"><source type="xslOnSrc-dynamique"><xsl:stylesheet version="1.0" exclude-result-prefixes="xalan sc sp sfm java " xmlns:xsl="http://www.w3.org/1999/XSL/Transform" xmlns:sc="http://www.utc.fr/ics/scenari/v3/core" xmlns:sp="http://www.utc.fr/ics/scenari/v3/primitive" xmlns:sfm="http://www.utc.fr/ics/scenari/v3/filemeta" xmlns:java="http://xml.apache.org/xslt/java" xmlns:xalan="http://xml.apache.org/xalan"><xsl:output method="xml" indent="no" omit-xml-declaration="yes"/><xsl:param name="vDialog"/><xsl:param name="vAgent"/><xsl:param name="vArguments"/><xsl:template match="*"><xsl:if test="checkNoCycleAgent()"><img src="{computeStrAgent('//', concat('res:src=src:', java:getSrcUri(srcFileAgent()), ';transform=img2img&amp;sizeRules=Px(Bounds(maxW''',300,'''maxH''',300,'''))&amp;outType=PNG&amp;'))}" lookForAlt="{computeStrAgent('//fullTitleText')}" class="binImgInline "><xsl:variable name="vPropsNb" select="xalan:tokenize(computeStrAgent('//', concat('get:src:', java:getSrcUri(srcFileAgent()), '?', 'transform=img2img&amp;sizeRules=Px(Bounds(maxW''',300,'''maxH''',300,'''))&amp;outType=DIMS&amp;', &quot;outRules=Str(pattern'!wpx_!hpx')&quot;)), '_')"/><xsl:variable name="vPropsObjNb" select="java:eu.scenari.transform.img.ImgUtil.getSize(number($vPropsNb[1]) + 0, number($vPropsNb[2]) + 0, '', '', '', '', '')"/><xsl:attribute name="width"><xsl:choose><xsl:when test="number($vPropsNb[1])&lt;=0"><xsl:value-of select="0"/></xsl:when><xsl:otherwise><xsl:value-of select="round(java:getWidth($vPropsObjNb))"/></xsl:otherwise></xsl:choose></xsl:attribute><xsl:attribute name="height"><xsl:choose><xsl:when test="number($vPropsNb[2])&lt;=0"><xsl:value-of select="0"/></xsl:when><xsl:otherwise><xsl:value-of select="round(java:getHeight($vPropsObjNb))"/></xsl:otherwise></xsl:choose></xsl:attribute></img></xsl:if></xsl:template></xsl:stylesheet></source></valeur>
</structure>