<?xml version="1.0" encoding="UTF-8"?>
<pack code="cv0-0_1" version="0.0.1">
	<wspTypeUi uri="cv0-0_1" lang="" key="cv0-0" component="@scenari.com/ui/wspType;1" title="CV 0.0" version="0.0.1"><generators><generator code="cvWebGenerator" title="Générateur CV Web" owner="cv0-0" type="sm_webSiteGenerator"><rootModel code="cv_cv" owner="cv0-0"/><skin srcRes="cv0-0.ss" srcVersion="0.0.1" srcLang="" srcPath="/_skinSet/default/bBNH2ZFr0tlXVwxTQyUBX/skin.doss" code="default" title="classic" owner="cv0-0" isTemplate="true"/></generator><generator code="genPrint" title="Support papier PDF" owner="cv0-0" type="sm_webSiteGenerator"><rootModel code="cv_cv" owner="cv0-0"/><skin srcRes="cv0-0.ss" srcVersion="0.0.1" srcLang="" srcPath="/_skinSet/default/y2hlUG3FHJiVaBUUabsBJi/skin.doss" code="default" title="classic" owner="cv0-0" isTemplate="true"/></generator></generators><uiOverlay onUriKey="chrome://scenariWsp/content/desks/wspDesk/extTarget.js" src="chrome://cv0-0_1/content/wspDesk.extSource.js"/><uiOverlay onUriKey="chrome://scenariWspAdmin/content/extTarget.js" src="chrome://cv0-0_1/content/wspDeskAdmin.extSource.js"/><uiOverlay onUriKey="chrome://scenariWsp/content/extTarget.js" src="chrome://cv0-0_1/content/extSource.js"/></wspTypeUi>
	
</pack>