<?xml version="1.0" encoding="UTF-8"?>
<fs xmlns:sc="http://www.utc.fr/ics/scenari/v3/core">
<bdp classSignature="@cv_cv">
		



<validAttrMatchSgn nm="?">
<pb typ="Error" msg="Lien inconnu."/>
</validAttrMatchSgn>
<validAttrIfNull>
<pb typ="Error" msg="L&apos;item référencé n&apos;existe pas."/>
</validAttrIfNull>
<identification codeModule="identif"/>
<enregistrement codeModule="save"/>
<renommage codeModule="rename"/>
</bdp>
	
<module code="identif" type="com.scenari.m.bdp.module.identif.xml.HModuleIdentifItemLoader" localName="cv" namespace="scenari-platform:cv" fileExt=".xml"/>
	
<module code="pres" type="com.scenari.m.bdp.module.pres.HModulePresLoader">
<intituleModele>CV</intituleModele>
</module>
	
<module code="system.xul" type="com.scenari.m.bdp.module.xul.HModuleXulLoader">
<package code="cv0-0_1"/>
<model code="cv_cv"/>
</module>
	
	
<module code="outline" type="com.scenari.m.bdp.facet.outline.leaf.FacetOutlineLeafLoader" xpItemRoot="sc:item"/>

	
	
	
<module code="save" type="com.scenari.m.bdp.module.save.HModuleSaveLoader">
<genItem codeModule="validXml"/>
<genItem codeModule="genAttrs"/>
<genItem codeModule="validSchema"/>
</module>
	
<module code="validXml" type="com.scenari.m.bdp.module.validxml.HModuleValidXmlLoader">
<declarationXml>
<encodingDeclare op="egal" valeurs="null">
<alerte code="declaredencoding.notspecified" message="Aucun &apos;encoding&apos; n&apos;est déclaré dans votre fichier XML." details="Il est fortement conseillé d&apos;ajouter la déclaration Xml en début de fichier en précisant son encoding : UTF-8 par exemple."/>
</encodingDeclare>
</declarationXml>
</module>
	
<module code="rename" type="com.scenari.m.bdp.module.rename.uii.HModuleRenameUiiLoader"/>
	
<module code="export" type="eu.scenari.facet.export.FacetExportLoader"/>

<module code="genAttrs" type="com.scenari.m.bdp.module.genitem.HModuleGenItemXslLoader">
<xsl sc:refUri="/~param/cv0-0/ss/cv_cv.genAttr.ss.xsl"/>
</module>
	
<module code="validSchema" type="com.scenari.m.bdp.module.validng.HModuleValidRelaxNgLoader">
<schema sc:refUri="/~param/cv0-0/ss/cv_cv.rng"/>
</module>
	
<module code="diff4xed" type="eu.scenari.wsp.module.diff.ModuleDiffLoader">
<diffConfig sc:refUri="/~param/cv0-0/ss/cv_cv.diff4xed.xml"/>
</module>
	
	<module type="eu.scenari.wsp.module.bsbinding.ModuleBsBindingLoader" code="bsBinding"><context code="cvWebGenerator"><bs sc:refUri="/~param/cv0-0/bs/cv.bs.xml"/><bs sc:refUri="/~param/cv0-0/bs/infoPG.bs.xml"/><bs sc:refUri="/~param/cv0-0/bs/base/sTxt/sTxt_web.bs.xml"/><bs sc:refUri="/~param/cv0-0/bs/base/sTitle/sTitle_web.bs.xml"/></context></module><module code="gen_cvWebGenerator" type="eu.scenari.wsp.module.gen.ModuleGenLoader" title="Générateur CV Web"><context><agtBag alias="@" type="append"><bs sc:refUri="/~param/cv0-0/gen/cvWebGenerator/bs.doss/_root.xml"/></agtBag></context><generator classGen="com.scenari.m.ge.generator.web.WebGenerator"><publishFiles sc:refUri="/~param/cv0-0/gen/cvWebGenerator/ui.doss"/></generator></module>
	
	<module type="eu.scenari.wsp.module.search.ModuleSearchPropsLoader" code="search"/>
	
<module code="fullText" type="com.scenari.m.bdp.module.fulltext.ModuleFullTextXmlLoader"/>
</fs>