<?xml version="1.0" encoding="UTF-8"?>
<se:editor xmlns:sp="http://www.utc.fr/ics/scenari/v3/primitive" xmlns:sc="http://www.utc.fr/ics/scenari/v3/core" xmlns:cv="scenari-platform:cv" xmlns:bs="scpf.org:base" xmlns="http://www.mozilla.org/keymaster/gatekeeper/there.is.only.xul" xmlns:se="http://www.utc.fr/ics/scenari/v3/editing" se:namespaces="true">
<se:lib xmlns:se="http://www.utc.fr/ics/scenari/v3/editing"><element se:id="cv_infopg" type="cv_infopg##" se:bind="element" se:name="cv:infopg" se:title="Info Partie Gauche" se:declareNs="sp sc cv bs" abstractXsl="chrome://cv0-0_1/content/cv_infopg/titles.xsl"><childs><se:ref se:refid="s_content"/></childs></element><hiddenElement se:id="cv_infopg:hideHeader" type="cv_infopg#" se:bind="element" se:name="cv:infopg" se:title="Info Partie Gauche" se:declareNs="sp sc cv bs"><childs><se:ref se:refid="s_content"/></childs></hiddenElement><se:template se:id="s_content">
		<element se:bind="elementSubtree" se:name="sp:b1" se:title="Nom / Citation" fuzzyPaste="full" se:card="?" abstractXsl="chrome://cv0-0_1/content/cv_infopg/titles.xsl" type="cv_infopg##"><childs><se:ref se:refurl="chrome://cv0-0_1/content/bs_sTitle/form.xed.xml#title" se:card="1"/><se:ref se:refurl="chrome://cv0-0_1/content/bs_sTxt/form.xed.xml#text:hideHeader"/></childs></element>
		<element se:bind="elementSubtree" se:name="sp:b2" se:title="Formations &amp; Certification" fuzzyPaste="full" se:card="?" abstractXsl="chrome://cv0-0_1/content/cv_infopg/titles.xsl" type="cv_infopg##"><childs><se:ref se:refurl="chrome://cv0-0_1/content/cv_contf/form.xed.xml#cv_contf:hideHeader"/></childs></element>
		<element se:bind="elementSubtree" se:name="sp:b2bis" se:title="Certifications Pédagogiques" fuzzyPaste="full" se:card="?" abstractXsl="chrome://cv0-0_1/content/cv_infopg/titles.xsl" type="cv_infopg##"><childs><se:ref se:refurl="chrome://cv0-0_1/content/cv_contce/form.xed.xml#cv_contce:hideHeader"/></childs></element>
		<element se:bind="elementSubtree" se:name="sp:b3" se:title="Compétences Techniques" fuzzyPaste="full" se:card="?" abstractXsl="chrome://cv0-0_1/content/cv_infopg/titles.xsl" type="cv_infopg##"><childs><se:ref se:refurl="chrome://cv0-0_1/content/cv_contco/form.xed.xml#cv_contco:hideHeader"/></childs></element>
		<element se:bind="elementSubtree" se:name="sp:b4" se:title="Profil" fuzzyPaste="full" se:card="?" abstractXsl="chrome://cv0-0_1/content/cv_infopg/titles.xsl" opened="true" type="cv_infopg##"><childs><se:ref se:refurl="chrome://cv0-0_1/content/cv_info/form.xed.xml#cv_info:hideHeader" se:card="1"/></childs></element>
		
	</se:template></se:lib></se:editor>