<?xml version="1.0" encoding="UTF-8"?>
<structure xmlns:sp="http://www.utc.fr/ics/scenari/v3/primitive" xmlns:sc="http://www.utc.fr/ics/scenari/v3/core" code="pdg_don" racine="//pdg:don" codecomposant="getIdNode(..)" version="1.0" xmlns:pdg="scenari-platform.org:pdg" xmlns:java="http://xml.apache.org/xslt/java"><valeur code="xhtmlContent"><source type="xslOnSrc-dynamique"><xsl:stylesheet xmlns:xsl="http://www.w3.org/1999/XSL/Transform" version="1.0" exclude-result-prefixes="sc sp java pdg" extension-element-prefixes="scOrigin redirect" xmlns:pdg="scenari-platform.org:pdg" xmlns:java="http://xml.apache.org/xslt/java" xmlns:sc="http://www.utc.fr/ics/scenari/v3/core" xmlns:sp="http://www.utc.fr/ics/scenari/v3/primitive" xmlns:redirect="com.scenari.xsldom.xalan.lib.Redirect" xmlns:scOrigin="eu.scenari.gen.xslt.OriginSrc"><xsl:output method="xml" indent="no" omit-xml-declaration="yes"/><xsl:param name="vAgent"/><xsl:param name="vDialog"/><xsl:template match="*"><xsl:if test="checkNoCycleAgent()"><div xmlns:scOrigin="eu.scenari.gen.xslt.OriginSrc" class="photo1 "><scOrigin:addContextNode/><img alt="" src="{translatePubPath2DestUrl('/skin/téléchargement (1).png')}"/></div><xsl:for-each select="sp:photo2"><div xmlns:scOrigin="eu.scenari.gen.xslt.OriginSrc" class="photo2 "><scOrigin:addContextNode/><xsl:value-of select="computeStrAgent(concat('@', if(@sc:refUri, getIdFromPath(@sc:refUri), getIdNode(.)), '/xhtmlContent'))" disable-output-escaping="yes"/></div></xsl:for-each><div xmlns:scOrigin="eu.scenari.gen.xslt.OriginSrc" class="bloc1 "><scOrigin:addContextNode/><div class="libDate "><scOrigin:addContextNode/><xsl:for-each select="sp:lib"><div class="lib "><scOrigin:addContextNode/><xsl:value-of select="computeStrAgent(concat('@', getIdNode(.), '_meta/xhtmlContent'))" disable-output-escaping="yes"/><xsl:value-of select="computeStrAgent(concat('@', if(@sc:refUri, getIdFromPath(@sc:refUri), getIdNode(.)), '/xhtmlContent'))" disable-output-escaping="yes"/></div></xsl:for-each><xsl:for-each select="sp:date"><div class="date "><scOrigin:addContextNode/><xsl:value-of select="computeStrAgent(concat('@', getIdNode(.), '_meta/xhtmlContent'))" disable-output-escaping="yes"/><xsl:value-of select="computeStrAgent(concat('@', if(@sc:refUri, getIdFromPath(@sc:refUri), getIdNode(.)), '/xhtmlContent'))" disable-output-escaping="yes"/></div></xsl:for-each></div><xsl:for-each select="sp:des"><xsl:choose><xsl:when test="computeStrAgent('//cond_KNnGTCDY0AqHZ8V7iXFwd', .)"><div class="des "><scOrigin:addContextNode/><xsl:value-of select="computeStrAgent(concat('@', if(@sc:refUri, getIdFromPath(@sc:refUri), getIdNode(.)), '/xhtmlContent'))" disable-output-escaping="yes"/></div></xsl:when><xsl:otherwise><div class="des "><scOrigin:addContextNode/></div></xsl:otherwise></xsl:choose></xsl:for-each><xsl:for-each select="sp:salle"><div class="salle "><scOrigin:addContextNode/><xsl:value-of select="computeStrAgent(concat('@', getIdNode(.), '_meta/xhtmlContent'))" disable-output-escaping="yes"/></div></xsl:for-each></div></xsl:if></xsl:template><xsl:template match="text()"/></xsl:stylesheet></source></valeur><valeur code="cond_KNnGTCDY0AqHZ8V7iXFwd"><source type="xsl-dynamique"><xsl:stylesheet xmlns:xsl="http://www.w3.org/1999/XSL/Transform" version="1.0" exclude-result-prefixes="sc sp" xmlns:sc="http://www.utc.fr/ics/scenari/v3/core" xmlns:sp="http://www.utc.fr/ics/scenari/v3/primitive" xmlns:java="http://xml.apache.org/xslt/java"><xsl:output method="text"/><xsl:param name="vAgent"/><xsl:param name="vDialog"/><xsl:param name="vArguments"/><xsl:variable name="vTarget" select="agent(concat('@', switchAxis(codeAgent('//'), '')))"/><xsl:template match="*"><xsl:choose><xsl:when test="not($vTarget)"><xsl:text>true</xsl:text></xsl:when><xsl:otherwise><xsl:apply-templates select="srcElemAgent($vTarget)" mode="exec"/></xsl:otherwise></xsl:choose></xsl:template><xsl:template match="*" mode="exec"><xsl:variable name="freeN11" select="not($vArguments/pdg:filter/sp:exclude[text()='web'])" xmlns:pdg="scenari-platform.org:pdg"/><xsl:value-of select="bool2Str($freeN11)"/></xsl:template></xsl:stylesheet></source></valeur></structure>