<?xml version="1.0" encoding="UTF-8"?>
<se:editor xmlns:se="http://www.utc.fr/ics/scenari/v3/editing" se:namespaces="true" xmlns="http://www.mozilla.org/keymaster/gatekeeper/there.is.only.xul" xmlns:sc="http://www.utc.fr/ics/scenari/v3/core" xmlns:cv="scenari-platform:cv" xmlns:sp="http://www.utc.fr/ics/scenari/v3/primitive"><se:uiLib xmlns:se="http://www.utc.fr/ics/scenari/v3/editing">
			<se:style>@namespace url("http://www.mozilla.org/keymaster/gatekeeper/there.is.only.xul");

*[empty] filters {
  opacity: .3;
}
filters{
	margin-left: 12px;
	border-left: 1px solid rgb(225,225,215);
	-moz-user-focus:normal;
}

btnFilter {
	-moz-binding: url(chrome://scenarixedlib/content/libUiExtra/filter/filter.xbl.xml#btnFilter);
	cursor: pointer;
	margin: 1px 5px;
	border:1px solid transparent;
	-moz-user-focus:normal;
}
btnFilter[focused]{
	border:1px solid Navy !important;
	background-color: white !important;
}
btnFilter.web&gt;image{
  list-style-image:url("chrome://cv0-0_1/content/_common/img/filterWeb.png");
}
btnFilter.web:not([disabled]):hover&gt;image{
  list-style-image:url("chrome://cv0-0_1/content/_common/img/filterWebOvr.png");
}
btnFilter.web[checked]&gt;image{
  list-style-image:url("chrome://cv0-0_1/content/_common/img/filterWebChk.png");
}
btnFilter.web[checked]:not([disabled]):hover&gt;image{
  list-style-image:url("chrome://cv0-0_1/content/_common/img/filterWebChkOvr.png");
}

btnFilter.slide&gt;image{
  list-style-image:url("chrome://cv0-0_1/content/_common/img/filterSlide.png");
}
btnFilter.slide:not([disabled]):hover&gt;image{
  list-style-image:url("chrome://cv0-0_1/content/_common/img/filterSlideOvr.png");
}
btnFilter.slide[checked]&gt;image{
  list-style-image:url("chrome://cv0-0_1/content/_common/img/filterSlideChk.png");
}
btnFilter.slide[checked]:not([disabled]):hover&gt;image{
  list-style-image:url("chrome://cv0-0_1/content/_common/img/filterSlideChkOvr.png");
}
btnFilter.paper&gt;image{
  list-style-image:url("chrome://cv0-0_1/content/_common/img/filterPaper.png");
}
btnFilter.paper:not([disabled]):hover&gt;image{
  list-style-image:url("chrome://cv0-0_1/content/_common/img/filterPaperOvr.png");
}
btnFilter.paper[checked]&gt;image{
  list-style-image:url("chrome://cv0-0_1/content/_common/img/filterPaperChk.png");
}
btnFilter.paper[checked]:not([disabled]):hover&gt;image{
  list-style-image:url("chrome://cv0-0_1/content/_common/img/filterPaperChkOvr.png");
}</se:style>
		</se:uiLib><se:lib xmlns:se="http://www.utc.fr/ics/scenari/v3/editing">
			<filters xmlns="http://www.mozilla.org/keymaster/gatekeeper/there.is.only.xul" se:id="cv_filter" se:bind="subtree" style="-moz-binding: url(chrome://scenarixedlib/content/libUiExtra/filter/filter.xbl.xml#filters)" se:ns="scenari-platform:cv" se:name="cv:filter" se:declareNs="pdg sp sc" se:title="Filtre par support" filterName="sp:exclude">
				<btnFilter class="web" type="checkbox" tooltiptext="Exclusion du support web/pdf"/>
				
				
			</filters>
		</se:lib></se:editor>