<?xml version="1.0" encoding="UTF-8"?>
<structure xmlns:xalan="http://xml.apache.org/xalan" xmlns:java="http://xml.apache.org/xslt/java" xmlns:xsl="http://www.w3.org/1999/XSL/Transform" xmlns:sfile="http://www.utc.fr/ics/scenari/v3/file" xmlns:sc="http://www.utc.fr/ics/scenari/v3/core" code="sfile_jpg_jpeg" racine="/sfile:jpg_jpeg" codecomposant="getIdNode(.)" version="1.0"><valeur code="props"><source type="xslOnSrc-dynamique"><xsl:stylesheet version="1.0" exclude-result-prefixes="xalan sc sp sfm java " xmlns:xsl="http://www.w3.org/1999/XSL/Transform" xmlns:sc="http://www.utc.fr/ics/scenari/v3/core" xmlns:sp="http://www.utc.fr/ics/scenari/v3/primitive" xmlns:sfm="http://www.utc.fr/ics/scenari/v3/filemeta" xmlns:java="http://xml.apache.org/xslt/java" xmlns:xalan="http://xml.apache.org/xalan"><xsl:output method="xml" indent="no" omit-xml-declaration="yes"/><xsl:param name="vDialog"/><xsl:param name="vAgent"/><xsl:param name="vArguments"/><xsl:template match="*"><props><file source="{java:getSrcUri(srcFileAgent())}" baseFileSize="2259"/><xsl:variable name="vNativeDims" select="xalan:tokenize(computeStrAgent('//', concat('get:src:', java:getSrcUri(srcFileAgent()), '?', 'transform=img2img&amp;outType=DIMS&amp;outRules=', &quot;Str(pattern'!wpx_!hpx')&quot;)), '_')"/><image nativeWidth="{round($vNativeDims[1])}" nativeHeight="{round($vNativeDims[2])}"/></props></xsl:template></xsl:stylesheet></source><resultat cache="*"/></valeur>
	
	<valeur code="fullTitleText"><source type="xpathOnSrc-dynamique">concat(returnFirst(computeStrAgent(concat('@', computeStrAgent('//codeMeta'), '', '/fullTitleText')), substring-before(java:getSrcName(srcFileAgent()), '.'), ''), '')</source></valeur>
	<valeur code="shortTitleText"><source type="xpathOnSrc-dynamique">concat(returnFirst(computeStrAgent(concat('@', computeStrAgent('//codeMeta'), '', '/shortTitleText')), substring-before(java:getSrcName(srcFileAgent()), '.'), ''), '')</source></valeur>
	<valeur code="xhtmlContent"><source type="xslOnSrc-dynamique"><xsl:stylesheet version="1.0" exclude-result-prefixes="xalan sc sp sfm java " xmlns:xsl="http://www.w3.org/1999/XSL/Transform" xmlns:sc="http://www.utc.fr/ics/scenari/v3/core" xmlns:sp="http://www.utc.fr/ics/scenari/v3/primitive" xmlns:sfm="http://www.utc.fr/ics/scenari/v3/filemeta" xmlns:java="http://xml.apache.org/xslt/java" xmlns:xalan="http://xml.apache.org/xalan"><xsl:output method="xml" indent="no" omit-xml-declaration="yes"/><xsl:param name="vDialog"/><xsl:param name="vAgent"/><xsl:param name="vArguments"/><xsl:template match="*"><xsl:if test="checkNoCycleAgent()"><xsl:variable name="vPropsN1d" select="xalan:tokenize(computeStrAgent('//', concat('get:src:', java:getSrcUri(srcFileAgent()), '?', 'transform=img2img&amp;sizeRules=Px(ScSCS()Sc(ratio''',0.35,'''))&amp;outType=DIMS&amp;', &quot;outRules=Str(pattern'!wpx_!hpx_!scs_!lcs')&quot;)), '_')"/><xsl:variable name="vWidthN1d" select="number($vPropsN1d[1])"/><xsl:variable name="vHeightN1d" select="number($vPropsN1d[2])"/><xsl:variable name="vScsN1d" select="number($vPropsN1d[3])"/><xsl:variable name="vLcsN1d" select="number($vPropsN1d[4])"/><xsl:choose><xsl:when test="$vWidthN1d&gt;693 or $vHeightN1d&gt;693 or false()"><a href="{computeStrAgent('//', concat('res:src=src:', java:getSrcUri(srcFileAgent()), ';transform=img2img&amp;sizeRules=Px(ScSCS()Sc(ratio''',0.35,''')Bounds(maxW''',2000,'''maxH''',2000,'''))&amp;outType=JPEG&amp;'))}" class="binImglnk " target="_blank"><img src="{computeStrAgent('//', concat('res:src=src:', java:getSrcUri(srcFileAgent()), ';transform=img2img&amp;sizeRules=Px(ScSCS()Sc(ratio''',0.35,''')Bounds(maxW''',630,'''maxH''',630,'''))&amp;outType=JPEG&amp;'))}" lookForAlt="{computeStrAgent('//fullTitleText')}" class="binImg "><xsl:variable name="vPropsN2f" select="xalan:tokenize(computeStrAgent('//', concat('get:src:', java:getSrcUri(srcFileAgent()), '?', 'transform=img2img&amp;sizeRules=Px(ScSCS()Sc(ratio''',0.35,''')Bounds(maxW''',630,'''maxH''',630,'''))&amp;outType=DIMS&amp;', &quot;outRules=Str(pattern'!wpx_!hpx')&quot;)), '_')"/><xsl:variable name="vPropsObjN2f" select="java:eu.scenari.transform.img.ImgUtil.getSize(number($vPropsN2f[1]) + 0, number($vPropsN2f[2]) + 0, '', '', '', '', '')"/><xsl:attribute name="width"><xsl:choose><xsl:when test="number($vPropsN2f[1])&lt;=0"><xsl:value-of select="0"/></xsl:when><xsl:otherwise><xsl:value-of select="round(java:getWidth($vPropsObjN2f))"/></xsl:otherwise></xsl:choose></xsl:attribute><xsl:attribute name="height"><xsl:choose><xsl:when test="number($vPropsN2f[2])&lt;=0"><xsl:value-of select="0"/></xsl:when><xsl:otherwise><xsl:value-of select="round(java:getHeight($vPropsObjN2f))"/></xsl:otherwise></xsl:choose></xsl:attribute></img></a></xsl:when><xsl:otherwise><img src="{computeStrAgent('//', concat('res:src=src:', java:getSrcUri(srcFileAgent()), ';transform=img2img&amp;sizeRules=Px(ScSCS()Sc(ratio''',0.35,''')Bounds(maxW''',630,'''maxH''',630,'''))&amp;outType=JPEG&amp;'))}" lookForAlt="{computeStrAgent('//fullTitleText')}" class="binImg "><xsl:variable name="vPropsN5e" select="xalan:tokenize(computeStrAgent('//', concat('get:src:', java:getSrcUri(srcFileAgent()), '?', 'transform=img2img&amp;sizeRules=Px(ScSCS()Sc(ratio''',0.35,''')Bounds(maxW''',630,'''maxH''',630,'''))&amp;outType=DIMS&amp;', &quot;outRules=Str(pattern'!wpx_!hpx')&quot;)), '_')"/><xsl:variable name="vPropsObjN5e" select="java:eu.scenari.transform.img.ImgUtil.getSize(number($vPropsN5e[1]) + 0, number($vPropsN5e[2]) + 0, '', '', '', '', '')"/><xsl:attribute name="width"><xsl:choose><xsl:when test="number($vPropsN5e[1])&lt;=0"><xsl:value-of select="0"/></xsl:when><xsl:otherwise><xsl:value-of select="round(java:getWidth($vPropsObjN5e))"/></xsl:otherwise></xsl:choose></xsl:attribute><xsl:attribute name="height"><xsl:choose><xsl:when test="number($vPropsN5e[2])&lt;=0"><xsl:value-of select="0"/></xsl:when><xsl:otherwise><xsl:value-of select="round(java:getHeight($vPropsObjN5e))"/></xsl:otherwise></xsl:choose></xsl:attribute></img></xsl:otherwise></xsl:choose></xsl:if></xsl:template></xsl:stylesheet></source></valeur>
</structure>