<?xml version="1.0" encoding="UTF-8"?>
<diffConfig>
<lib>
<elt xmlns:sp="http://www.utc.fr/ics/scenari/v3/primitive" id="pdg_pdg2" lname="pdg2" ns="scenari-platform.org:pdg">
<eltChild name="sp:pdg">
<eltChild refId="pdg_pdg1"/>
</eltChild>
</elt>
<elt xmlns:sp="http://www.utc.fr/ics/scenari/v3/primitive" id="pdg_pdg1" lname="pdg1" ns="scenari-platform.org:pdg">
<eltChild refId="pdg_pdgMeta"/>
</elt>
<elt xmlns:sp="http://www.utc.fr/ics/scenari/v3/primitive" id="pdg_pdgMeta" lname="pdgMeta" ns="scenari-platform.org:pdg">
<seq>
<eltChild name="sp:date"/>
<eltChild name="sp:photo1"/>
<eltChild name="sp:photo2"/>
<eltChild name="sp:lib"/>
<eltChild name="sp:des"/>
<eltChild name="sp:salle">
<eltChild name="sp:nbsalle"/>
</eltChild>
</seq>
</elt>

</lib>
<contextAnalyzers>
<attr id="@sc_refUri" lname="refUri" ns="http://www.utc.fr/ics/scenari/v3/core" analyzer="eu.scenari.wsp.diff.RefUriAnalyzer"/>
<comment customMatcher="eu.scenari.diff.bcd.analyzer.sccomment.ScCommentAnalyzerMatcher" analyzer="eu.scenari.diff.bcd.analyzer.sccomment.ScCommentAnalyzer"/>
<document>
<eltChild lname="item" ns="http://www.utc.fr/ics/scenari/v3/core">
<eltChild refId="pdg_pdg2"/>
</eltChild>
</document>
</contextAnalyzers>
</diffConfig>
