<?xml version="1.0" encoding="UTF-8"?>
<se:editor xmlns:sp="http://www.utc.fr/ics/scenari/v3/primitive" xmlns:pdg="scenari-platform.org:pdg" xmlns:sc="http://www.utc.fr/ics/scenari/v3/core" xmlns="http://www.mozilla.org/keymaster/gatekeeper/there.is.only.xul" xmlns:se="http://www.utc.fr/ics/scenari/v3/editing" se:namespaces="true">
<se:lib xmlns:se="http://www.utc.fr/ics/scenari/v3/editing"><element type="pdg_salle#" se:id="pdg_salle" se:bind="element" se:name="pdg:salle" se:title="Salle" se:declareNs="sp pdg sc"><childs><se:ref se:refid="s_content"/></childs></element><hiddenElement type="pdg_salle#" se:id="pdg_salle:hideHeader" se:bind="element" se:name="pdg:salle" se:title="Salle" se:declareNs="sp pdg sc"><childs><se:ref se:refid="s_content"/></childs></hiddenElement><se:template se:id="s_content"><element se:name="sp:salle" se:title="Salle" se:bind="element" class="property"><childs><element se:name="sp:nbsalle" se:title="NbSalle" se:bind="element" startAt="80" class="property" orientation="horizontal"><childs><contentElement se:bind="text" class="property"><textInput notnull="true" trim="true"/></contentElement></childs></element></childs></element></se:template></se:lib></se:editor>