<?xml version="1.0" encoding="UTF-8"?>
<structure xmlns:sp="http://www.utc.fr/ics/scenari/v3/primitive" xmlns:sc="http://www.utc.fr/ics/scenari/v3/core" code="cv_conte" racine="//cv:conte" codecomposant="getIdNode(..)" version="1.0" xmlns:cv="scenari-platform:cv" xmlns:java="http://xml.apache.org/xslt/java"><valeur code="xhtmlContent"><source type="xslOnSrc-dynamique"><xsl:stylesheet xmlns:xsl="http://www.w3.org/1999/XSL/Transform" version="1.0" exclude-result-prefixes="sc sp java cv" extension-element-prefixes="scOrigin redirect" xmlns:cv="scenari-platform:cv" xmlns:java="http://xml.apache.org/xslt/java" xmlns:sc="http://www.utc.fr/ics/scenari/v3/core" xmlns:sp="http://www.utc.fr/ics/scenari/v3/primitive" xmlns:redirect="com.scenari.xsldom.xalan.lib.Redirect" xmlns:scOrigin="eu.scenari.gen.xslt.OriginSrc"><xsl:output method="xml" indent="no" omit-xml-declaration="yes"/><xsl:param name="vAgent"/><xsl:param name="vDialog"/><xsl:template match="*"><xsl:if test="checkNoCycleAgent()"><xsl:for-each select="sp:contenue"><xsl:choose><xsl:when test="computeStrAgent('//cond_LFMtJVwJNggxWnRBaswp1g', .)"><div xmlns:scOrigin="eu.scenari.gen.xslt.OriginSrc" class="sousbloc "><scOrigin:addContextNode/><xsl:value-of select="computeStrAgent(concat('@', if(@sc:refUri, getIdFromPath(@sc:refUri), getIdNode(.)), '/xhtmlContent'))" disable-output-escaping="yes"/></div></xsl:when><xsl:otherwise><div xmlns:scOrigin="eu.scenari.gen.xslt.OriginSrc" class="fdsdf "><scOrigin:addContextNode/></div></xsl:otherwise></xsl:choose></xsl:for-each></xsl:if></xsl:template><xsl:template match="text()"/></xsl:stylesheet></source></valeur><valeur code="cond_LFMtJVwJNggxWnRBaswp1g"><source type="xsl-dynamique"><xsl:stylesheet xmlns:xsl="http://www.w3.org/1999/XSL/Transform" version="1.0" exclude-result-prefixes="sc sp" xmlns:sc="http://www.utc.fr/ics/scenari/v3/core" xmlns:sp="http://www.utc.fr/ics/scenari/v3/primitive" xmlns:java="http://xml.apache.org/xslt/java"><xsl:output method="text"/><xsl:param name="vAgent"/><xsl:param name="vDialog"/><xsl:param name="vArguments"/><xsl:variable name="vTarget" select="agent(concat('@', switchAxis(codeAgent('//'), '')))"/><xsl:template match="*"><xsl:choose><xsl:when test="not($vTarget)"><xsl:text>true</xsl:text></xsl:when><xsl:otherwise><xsl:apply-templates select="srcElemAgent($vTarget)" mode="exec"/></xsl:otherwise></xsl:choose></xsl:template><xsl:template match="*" mode="exec"><xsl:variable name="freeN11" select="not($vArguments/cv:filter/sp:exclude[text()='web'])" xmlns:cv="scenari-platform:cv"/><xsl:value-of select="bool2Str($freeN11)"/></xsl:template></xsl:stylesheet></source></valeur></structure>