<?xml version="1.0" encoding="UTF-8"?>
<structure xmlns:sp="http://www.utc.fr/ics/scenari/v3/primitive" xmlns:sc="http://www.utc.fr/ics/scenari/v3/core" code="cv_infopg" racine="//cv:infopg" codecomposant="getIdNode(..)" version="1.0" xmlns:cv="scenari-platform:cv" xmlns:java="http://xml.apache.org/xslt/java"><valeur code="xhtmlContent"><source type="xslOnSrc-dynamique"><xsl:stylesheet xmlns:xsl="http://www.w3.org/1999/XSL/Transform" version="1.0" exclude-result-prefixes="sc sp java cv" extension-element-prefixes="scOrigin redirect" xmlns:cv="scenari-platform:cv" xmlns:java="http://xml.apache.org/xslt/java" xmlns:sc="http://www.utc.fr/ics/scenari/v3/core" xmlns:sp="http://www.utc.fr/ics/scenari/v3/primitive" xmlns:redirect="com.scenari.xsldom.xalan.lib.Redirect" xmlns:scOrigin="eu.scenari.gen.xslt.OriginSrc"><xsl:output method="xml" indent="no" omit-xml-declaration="yes"/><xsl:param name="vAgent"/><xsl:param name="vDialog"/><xsl:template match="*"><xsl:if test="checkNoCycleAgent()"><div xmlns:scOrigin="eu.scenari.gen.xslt.OriginSrc" class="pg "><scOrigin:addContextNode/><div class="b1 "><scOrigin:addContextNode/><xsl:for-each select="sp:b1"><div class="titre1 "><scOrigin:addContextNode/><xsl:value-of select="computeStrAgent(concat('@', getIdNode(.), '_meta/xhtmlContent'))" disable-output-escaping="yes"/></div><div class="cit "><scOrigin:addContextNode/><xsl:value-of select="computeStrAgent(concat('@', if(@sc:refUri, getIdFromPath(@sc:refUri), getIdNode(.)), '/xhtmlContent'))" disable-output-escaping="yes"/></div></xsl:for-each></div><div class="b2 "><scOrigin:addContextNode/><xsl:for-each select="sp:b2"><div class="titre2 "><scOrigin:addContextNode/><ifText><div class="titre2_ti"><span>Formations &amp; Certifications</span></div></ifText></div><div class="parg "><scOrigin:addContextNode/><div class="txtpuce "><scOrigin:addContextNode/><xsl:value-of select="computeStrAgent(concat('@', if(@sc:refUri, getIdFromPath(@sc:refUri), getIdNode(.)), '/xhtmlContent'))" disable-output-escaping="yes"/></div></div></xsl:for-each></div><div class="b2bis "><scOrigin:addContextNode/><xsl:for-each select="sp:b2bis"><div class="titre2 "><scOrigin:addContextNode/><ifText><div class="titre2_ti"><span>Certifications Pédagogiques</span></div></ifText></div><div class="parg "><scOrigin:addContextNode/><div class="txtpuce "><scOrigin:addContextNode/><xsl:value-of select="computeStrAgent(concat('@', if(@sc:refUri, getIdFromPath(@sc:refUri), getIdNode(.)), '/xhtmlContent'))" disable-output-escaping="yes"/></div></div></xsl:for-each></div><xsl:for-each select="sp:b3"><div class="b3 "><scOrigin:addContextNode/><div class="titre2 "><scOrigin:addContextNode/><ifText><div class="titre2_ti"><span>Compétences techniques</span></div></ifText></div><div class="parg "><scOrigin:addContextNode/><div class="txtpuce "><scOrigin:addContextNode/><xsl:value-of select="computeStrAgent(concat('@', if(@sc:refUri, getIdFromPath(@sc:refUri), getIdNode(.)), '/xhtmlContent'))" disable-output-escaping="yes"/></div></div></div></xsl:for-each><div class="b4 "><scOrigin:addContextNode/><xsl:for-each select="sp:b4"><div class="titre2 "><scOrigin:addContextNode/><ifText><div class="titre2_ti"><span>Profil</span></div></ifText></div><div class="info "><scOrigin:addContextNode/><xsl:value-of select="computeStrAgent(concat('@', getIdNode(.), '_meta/xhtmlContent'))" disable-output-escaping="yes"/></div></xsl:for-each></div></div></xsl:if></xsl:template><xsl:template match="text()"/></xsl:stylesheet></source></valeur></structure>