<?xml version="1.0" encoding="UTF-8"?>
<structure xmlns:sp="http://www.utc.fr/ics/scenari/v3/primitive" xmlns:sc="http://www.utc.fr/ics/scenari/v3/core" code="cv_infopd" racine="//cv:infopd" codecomposant="getIdNode(..)" version="1.0" xmlns:cv="scenari-platform:cv" xmlns:java="http://xml.apache.org/xslt/java"><valeur code="xhtmlContent"><source type="xslOnSrc-dynamique"><xsl:stylesheet xmlns:xsl="http://www.w3.org/1999/XSL/Transform" version="1.0" exclude-result-prefixes="sc sp java cv" extension-element-prefixes="scOrigin redirect" xmlns:cv="scenari-platform:cv" xmlns:java="http://xml.apache.org/xslt/java" xmlns:sc="http://www.utc.fr/ics/scenari/v3/core" xmlns:sp="http://www.utc.fr/ics/scenari/v3/primitive" xmlns:redirect="com.scenari.xsldom.xalan.lib.Redirect" xmlns:scOrigin="eu.scenari.gen.xslt.OriginSrc"><xsl:output method="xml" indent="no" omit-xml-declaration="yes"/><xsl:param name="vAgent"/><xsl:param name="vDialog"/><xsl:template match="*"><xsl:if test="checkNoCycleAgent()"><div xmlns:scOrigin="eu.scenari.gen.xslt.OriginSrc" class="pd "><scOrigin:addContextNode/><div class="b1d "><scOrigin:addContextNode/><xsl:for-each select="sp:b1"><div class="titre1pd "><scOrigin:addContextNode/><ifText><div class="titre1pd_ti"><span>Consultant / Formateur</span></div></ifText></div><div class="soustitre "><scOrigin:addContextNode/><xsl:value-of select="computeStrAgent(concat('@', getIdNode(.), '_meta/xhtmlContent'))" disable-output-escaping="yes"/></div></xsl:for-each></div><xsl:for-each select="sp:b2"><div class="b2d "><scOrigin:addContextNode/><div class="titre2pd "><scOrigin:addContextNode/><img alt="" src="{translatePubPath2DestUrl('/skin/Mon rôle.png')}"/><div class="monrole "><scOrigin:addContextNode/><ifText><div class="monrole_ti"><span>Mon rôle</span></div></ifText></div></div><div class="par "><scOrigin:addContextNode/><div class="txtpuce "><scOrigin:addContextNode/><xsl:value-of select="computeStrAgent(concat('@', if(@sc:refUri, getIdFromPath(@sc:refUri), getIdNode(.)), '/xhtmlContent'))" disable-output-escaping="yes"/></div></div></div></xsl:for-each><xsl:for-each select="sp:b3"><div class="b3d "><scOrigin:addContextNode/><div class="titre2pd "><scOrigin:addContextNode/><img alt="" src="{translatePubPath2DestUrl('/skin/Réalisation.png')}"/><div class="realisations "><scOrigin:addContextNode/><ifText><div class="realisations_ti"><span>Réalisations</span></div></ifText></div></div><div class="par "><scOrigin:addContextNode/><div class="txtpuce "><scOrigin:addContextNode/><xsl:value-of select="computeStrAgent(concat('@', if(@sc:refUri, getIdFromPath(@sc:refUri), getIdNode(.)), '/xhtmlContent'))" disable-output-escaping="yes"/></div></div></div></xsl:for-each><xsl:for-each select="sp:b4"><div class="b4d "><scOrigin:addContextNode/><div class="titre2pd "><scOrigin:addContextNode/><img alt="" src="{translatePubPath2DestUrl('/skin/Compétence Tech.png')}"/><div class="experiences "><scOrigin:addContextNode/><ifText><div class="experiences_ti"><span>Expériences</span></div></ifText></div></div><div class="par "><scOrigin:addContextNode/><div class="txtpuce "><scOrigin:addContextNode/><xsl:value-of select="computeStrAgent(concat('@', if(@sc:refUri, getIdFromPath(@sc:refUri), getIdNode(.)), '/xhtmlContent'))" disable-output-escaping="yes"/></div></div></div></xsl:for-each><xsl:for-each select="sp:b5"><div class="b5d "><scOrigin:addContextNode/><div class="titre2pd "><scOrigin:addContextNode/><img alt="" src="{translatePubPath2DestUrl('/skin/Compétence Tech.png')}"/><div class="competence "><scOrigin:addContextNode/><ifText><div class="competence_ti"><span>Compétences techniques</span></div></ifText></div></div><div class="par "><scOrigin:addContextNode/><div class="txtpuce "><scOrigin:addContextNode/><xsl:value-of select="computeStrAgent(concat('@', if(@sc:refUri, getIdFromPath(@sc:refUri), getIdNode(.)), '/xhtmlContent'))" disable-output-escaping="yes"/></div></div></div></xsl:for-each></div></xsl:if></xsl:template><xsl:template match="text()"/></xsl:stylesheet></source></valeur></structure>