<?xml version="1.0" encoding="UTF-8"?>
<structure xmlns:sp="http://www.utc.fr/ics/scenari/v3/primitive" xmlns:sc="http://www.utc.fr/ics/scenari/v3/core" code="cv_info" racine="//cv:info" codecomposant="concat(getIdNode(..), '_meta')" version="1.0" xmlns:cv="scenari-platform:cv" xmlns:java="http://xml.apache.org/xslt/java"><intitule type="resultat-dynamique">agent=//fullTitleText</intitule><valeur code="fullTitleText"/><valeur code="shortTitleText"/><valeur code="xhtmlContent"><source type="xslOnSrc-dynamique"><xsl:stylesheet xmlns:xsl="http://www.w3.org/1999/XSL/Transform" version="1.0" exclude-result-prefixes="sc sp java cv" extension-element-prefixes="scOrigin redirect" xmlns:cv="scenari-platform:cv" xmlns:java="http://xml.apache.org/xslt/java" xmlns:sc="http://www.utc.fr/ics/scenari/v3/core" xmlns:sp="http://www.utc.fr/ics/scenari/v3/primitive" xmlns:redirect="com.scenari.xsldom.xalan.lib.Redirect" xmlns:scOrigin="eu.scenari.gen.xslt.OriginSrc"><xsl:output method="xml" indent="no" omit-xml-declaration="yes"/><xsl:param name="vDialog"/><xsl:param name="vAgent"/><xsl:variable name="vCounter" select="java:com.scenari.s.fw.utils.HDouble.new()"/><xsl:template match="*"><div xmlns:scOrigin="eu.scenari.gen.xslt.OriginSrc" class="tb1 "><scOrigin:addContextNode/><div class="tableauinfo1 "><scOrigin:addContextNode/><div class="photo "><scOrigin:addContextNode/><img alt="" src="{translatePubPath2DestUrl('/skin/Age.png')}"/></div><div class="txt1 "><scOrigin:addContextNode/><xsl:for-each select="sp:age"><xsl:value-of select="."/></xsl:for-each></div></div></div><div xmlns:scOrigin="eu.scenari.gen.xslt.OriginSrc" class="tb2 "><scOrigin:addContextNode/><div class="tableauinfo2 "><scOrigin:addContextNode/><div class="photo "><scOrigin:addContextNode/><img alt="" src="{translatePubPath2DestUrl('/skin/Expérience Pro.png')}"/></div><div class="txt2 "><scOrigin:addContextNode/><xsl:for-each select="sp:exppro"><xsl:value-of select="."/></xsl:for-each></div></div></div><div xmlns:scOrigin="eu.scenari.gen.xslt.OriginSrc" class="tb3 "><scOrigin:addContextNode/><div class="tableauinfo3 "><scOrigin:addContextNode/><div class="photo "><scOrigin:addContextNode/><img alt="" src="{translatePubPath2DestUrl('/skin/Permis.png')}"/></div><div class="txt3 "><scOrigin:addContextNode/><xsl:for-each select="sp:diplome"><xsl:value-of select="."/></xsl:for-each></div></div></div><div xmlns:scOrigin="eu.scenari.gen.xslt.OriginSrc" class="tb4 "><scOrigin:addContextNode/><div class="tableauinfo4 "><scOrigin:addContextNode/><div class="photo "><scOrigin:addContextNode/><img alt="" src="{translatePubPath2DestUrl('/skin/Nationalité.png')}"/></div><div class="txt4 "><scOrigin:addContextNode/><xsl:for-each select="sp:nat"><xsl:value-of select="."/></xsl:for-each></div></div></div><div xmlns:scOrigin="eu.scenari.gen.xslt.OriginSrc" class="tb5 "><scOrigin:addContextNode/><div class="tableauinfo5 "><scOrigin:addContextNode/><div class="photo "><scOrigin:addContextNode/><img alt="" src="{translatePubPath2DestUrl('/skin/Langues.png')}"/></div><div class="txt5 "><scOrigin:addContextNode/><xsl:for-each select="sp:langue"><xsl:value-of select="."/></xsl:for-each></div></div></div></xsl:template></xsl:stylesheet></source></valeur></structure>