<?xml version="1.0" encoding="UTF-8"?>
<structure xmlns:sp="http://www.utc.fr/ics/scenari/v3/primitive" xmlns:sc="http://www.utc.fr/ics/scenari/v3/core" code="bs_txt" racine="//bs:txt" codecomposant="getIdNode(..)" version="1.0" xmlns:bs="scpf.org:base" xmlns:java="http://xml.apache.org/xslt/java"><valeur code="xhtmlContent"><source type="xslOnSrc-dynamique"><xsl:stylesheet xmlns:xsl="http://www.w3.org/1999/XSL/Transform" version="1.0" exclude-result-prefixes="sc sp java bs" extension-element-prefixes="redirect" xmlns:bs="scpf.org:base" xmlns:sc="http://www.utc.fr/ics/scenari/v3/core" xmlns:sp="http://www.utc.fr/ics/scenari/v3/primitive" xmlns:java="http://xml.apache.org/xslt/java" xmlns:redirect="com.scenari.xsldom.xalan.lib.Redirect"><xsl:output method="xml" indent="no" omit-xml-declaration="yes"/><xsl:param name="vDialog"/><xsl:param name="vAgent"/><xsl:param name="vArguments"/><xsl:template match="*"><xsl:choose><xsl:when test="$vArguments"><xsl:variable name="vTagName" select="local-name($vArguments)"/><xsl:choose><xsl:when test="$vTagName='table' or $vTagName='simpleList' or $vTagName='itemizedList' or $vTagName='orderedList'"><xsl:apply-templates mode="bkChildren" select="$vArguments"/></xsl:when><xsl:when test="$vTagName='cell' or $vTagName='listItem'"><xsl:apply-templates mode="bk" select="$vArguments/node()"/></xsl:when><xsl:when test="$vTagName='extBlock' or $vTagName='emptyBlock'"/><xsl:otherwise><xsl:apply-templates mode="in" select="$vArguments/node()"/></xsl:otherwise></xsl:choose></xsl:when><xsl:otherwise><xsl:apply-templates mode="bk" select="*"/></xsl:otherwise></xsl:choose></xsl:template><xsl:template match="*" mode="bk"/><xsl:template match="text()" mode="bk"/><xsl:template match="*" mode="bkChildren"/><xsl:template match="text()" mode="bkChildren"/><xsl:template match="*" mode="in"/><xsl:template match="text()" mode="in"><xsl:copy-of select="."/></xsl:template><xsl:template match="sc:para" mode="bk"><p class="bs_txt_p"><xsl:apply-templates mode="in"/></p></xsl:template><xsl:template match="sc:simpleList" mode="bk"><ul class="bs_txt_sl"><xsl:apply-templates mode="listNb"/></ul></xsl:template><xsl:template match="sc:simpleList" mode="bkChildren"><xsl:apply-templates mode="listNb"/></xsl:template><xsl:template match="sc:member" mode="listNb"><li class="bs_txt_m"><span><xsl:apply-templates mode="in"/></span></li></xsl:template><xsl:template match="node()" mode="listNb"/><xsl:template match="sc:itemizedList" mode="bk"><ul class="bs_txt_il"><xsl:apply-templates mode="listNc"/></ul></xsl:template><xsl:template match="sc:itemizedList" mode="bkChildren"><xsl:apply-templates mode="listNc"/></xsl:template><xsl:template match="sc:listItem" mode="listNc"><li class="bs_txt_ili"><xsl:apply-templates mode="bk"/></li></xsl:template><xsl:template match="node()" mode="listNc"/><xsl:template match="sc:orderedList" mode="bk"><ol class="bs_txt_ol"><xsl:apply-templates mode="listNd"/></ol></xsl:template><xsl:template match="sc:orderedList" mode="bkChildren"><xsl:apply-templates mode="listNd"/></xsl:template><xsl:template match="sc:listItem" mode="listNd"><li class="bs_txt_oli"><xsl:apply-templates mode="bk"/></li></xsl:template><xsl:template match="node()" mode="listNd"/><xsl:template match="sc:uLink[@role=&quot;url&quot;]" mode="in"><a class="bs_txt_ul_url"><xsl:attribute name="target">_blank</xsl:attribute><xsl:attribute name="href"><xsl:value-of xmlns:xsl="http://www.w3.org/1999/XSL/Transform" select="@url"/></xsl:attribute><span><xsl:apply-templates mode="in"/></span></a></xsl:template><xsl:template match="sc:uLink[@role=&quot;urlSite&quot;]" mode="in"><scTooltip trigger="onclick" class="bs_txt_tt_urlSite" classRoot="" options="STICKY:true,SHADOW:true"><scTooltipContent><xsl:value-of select="computeStrAgent(concat('@', getIdFromPath(@sc:refUri), '/xhtmlContent'))" disable-output-escaping="yes"/></scTooltipContent><span class="bs_txt_ul_urlSite"><crossRef><xsl:variable name="vValue" select="getIdFromPath(@sc:refUri)"/><entry keyRef="urlRef" value="{$vValue}"/></crossRef><span><xsl:apply-templates mode="in"/></span></span></scTooltip></xsl:template><xsl:template match="sc:uLink[@role=&quot;def&quot;]" mode="in"><scTooltip trigger="onclick" class="bs_txt_tt_def" classRoot="" options="STICKY:true,SHADOW:true"><scTooltipContent><xsl:value-of select="computeStrAgent(concat('@', getIdFromPath(@sc:refUri), '/xhtmlContent'))" disable-output-escaping="yes"/></scTooltipContent><span class="bs_txt_ul_def"><crossRef><xsl:variable name="vValue" select="getIdFromPath(@sc:refUri)"/><entry keyRef="def" value="{$vValue}"/></crossRef><span><xsl:apply-templates mode="in"/></span></span></scTooltip></xsl:template><xsl:template match="sc:uLink[@role=&quot;doc&quot;]" mode="in"><scTooltip trigger="onclick" class="bs_txt_tt_doc" classRoot="" options="STICKY:true,SHADOW:true"><scTooltipContent><xsl:value-of select="computeStrAgent(concat('@', getIdFromPath(@sc:refUri), '_Abk/xhtmlContent'))" disable-output-escaping="yes"/></scTooltipContent><span class="bs_txt_ul_doc"><crossRef><xsl:variable name="vValue" select="getIdFromPath(@sc:refUri)"/><entry keyRef="doc" value="{$vValue}"/></crossRef><span><xsl:apply-templates mode="in"/></span></span></scTooltip></xsl:template><xsl:template match="sc:phrase[@role='quote']" mode="in"><span class="bs_txt_ph_quote"><span class="bs_txt_php_quote">&quot;</span><xsl:apply-templates mode="in"/><span class="bs_txt_phs_quote">&quot;</span></span></xsl:template><xsl:template match="sc:inlineStyle[@role='imp']" mode="in"><span class="bs_txt_is_imp"><xsl:apply-templates mode="in"/></span></xsl:template><xsl:template match="sc:inlineImg[@role='ico']" mode="in"><span class="bs_txt_tim_ico"><alternative alt="{.}"><xsl:value-of select="computeStrAgent(concat('@', getIdFromPath(@sc:refUri), '_Ainline/xhtmlContent'))" disable-output-escaping="yes"/></alternative></span></xsl:template></xsl:stylesheet></source></valeur></structure>