<?xml version="1.0" encoding="UTF-8"?>
<se:editor xmlns:sp="http://www.utc.fr/ics/scenari/v3/primitive" xmlns:pdg="scenari-platform.org:pdg" xmlns:sc="http://www.utc.fr/ics/scenari/v3/core" xmlns:bs="scpf.org:base" xmlns="http://www.mozilla.org/keymaster/gatekeeper/there.is.only.xul" xmlns:se="http://www.utc.fr/ics/scenari/v3/editing" se:namespaces="true">
<se:lib xmlns:se="http://www.utc.fr/ics/scenari/v3/editing"><element se:id="pdg_don" type="pdg_don##" se:bind="element" se:name="pdg:don" se:title="Données" se:declareNs="sp pdg sc bs" abstractXsl="chrome://pdg0-0_1/content/pdg_don/titles.xsl"><childs><se:ref se:refid="s_content"/></childs></element><hiddenElement se:id="pdg_don:hideHeader" type="pdg_don#" se:bind="element" se:name="pdg:don" se:title="Données" se:declareNs="sp pdg sc bs"><childs><se:ref se:refid="s_content"/></childs></hiddenElement><se:template se:id="s_content">
		<element se:bind="elementSubtree" se:name="sp:lib" se:title="Libelle" fuzzyPaste="full" abstractXsl="chrome://pdg0-0_1/content/pdg_don/titles.xsl" type="pdg_don##"><childs><se:ref se:refurl="chrome://pdg0-0_1/content/bs_sTxt/form.xed.xml#text:hideHeader"/></childs></element>
		<element se:bind="elementSubtree" se:name="sp:date" se:title="Date" fuzzyPaste="full" abstractXsl="chrome://pdg0-0_1/content/pdg_don/titles.xsl" opened="true" type="pdg_don##"><childs><se:ref se:refurl="chrome://pdg0-0_1/content/pdg_date/form.xed.xml#pdg_date:hideHeader" se:card="1"/></childs></element>
		<element se:bind="elementSubtree" se:name="sp:salle" se:title="Salle" fuzzyPaste="full" abstractXsl="chrome://pdg0-0_1/content/pdg_don/titles.xsl" opened="true" type="pdg_don##"><childs><se:ref se:refurl="chrome://pdg0-0_1/content/pdg_salle/form.xed.xml#pdg_salle:hideHeader" se:card="1"/></childs></element>
		
		<element se:bind="elementSubtree" se:name="sp:photo2" se:title="Photo2" fuzzyPaste="full" opened="true" type="pdg_don##"><atts><ptritem se:bind="attribute" se:title="Ref" se:name="sc:refUri" class="formview" regexpSgn=".*@sfile_jpg_jpeg\b.*|.*@sfile_png\b.*" notnull="true"/></atts><childs/></element>
		<element se:bind="elementSubtree" se:name="sp:des" se:title="Description" fuzzyPaste="full" abstractXsl="chrome://pdg0-0_1/content/pdg_don/titles.xsl" type="pdg_don##"><childs><se:ref se:refurl="chrome://pdg0-0_1/content/_xed/pdg_filter.xed.xml#pdg_filter" se:card="?"/><se:ref se:refurl="chrome://pdg0-0_1/content/bs_sTxt/form.xed.xml#text:hideHeader"/></childs></element>
	</se:template></se:lib></se:editor>