<?xml version="1.0" encoding="UTF-8"?>
<pack>
	<wspType xmlns:sc="http://www.utc.fr/ics/scenari/v3/core" uri="cv0-0_1" lang="" key="cv0-0" defaultCode="cv" title="CV 0.0" description="" version="0.0.1"><wspUpdate localAutoUpdate="minor"><res key="cv0-0.wsp"><description title="CV"/></res></wspUpdate><systemSpace space="~param/cv0-0/ss"><res key="cv0-0.ss"><description title="CV (ss)"/></res></systemSpace><systemSpace space="~param/cv0-0/bs" optional="true"><res key="cv0-0.bs"><description title="CV (bs)"/></res></systemSpace><systemSpace space="~param/cv0-0/gen/cvWebGenerator"><res key="cv0-0.gen.cvWebGenerator"><description title="Générateur CV Web"/></res></systemSpace><editionSheet pack="cv0-0_1" brickSelector="{cv0-0.moz;0.0.1;zxx}"/></wspType>
</pack>