<?xml version="1.0" encoding="UTF-8"?>
<se:editor xmlns:sp="http://www.utc.fr/ics/scenari/v3/primitive" xmlns:pdg="scenari-platform.org:pdg" xmlns:sc="http://www.utc.fr/ics/scenari/v3/core" xmlns="http://www.mozilla.org/keymaster/gatekeeper/there.is.only.xul" xmlns:se="http://www.utc.fr/ics/scenari/v3/editing" se:namespaces="true">
<se:uiLib xmlns:se="http://www.utc.fr/ics/scenari/v3/editing" se:src="chrome://scenariXedLib/content/libUiExtra/dateInput/dateInput.uilib.xml"/><se:lib xmlns:se="http://www.utc.fr/ics/scenari/v3/editing"><element type="pdg_pdgMeta#" se:id="pdg_pdgMeta" se:bind="element" se:name="pdg:pdgMeta" se:title="Données Pdg" se:declareNs="sp pdg sc"><childs><se:ref se:refid="s_content"/></childs></element><hiddenElement type="pdg_pdgMeta#" se:id="pdg_pdgMeta:hideHeader" se:bind="element" se:name="pdg:pdgMeta" se:title="Données Pdg" se:declareNs="sp pdg sc"><childs><se:ref se:refid="s_content"/></childs></hiddenElement><se:template se:id="s_content"><element se:name="sp:date" se:title="Date" se:bind="element" startAt="80" class="property" orientation="horizontal"><childs><contentElement se:bind="text" class="property"><dateInput notnull="true"/></contentElement></childs></element><element se:name="sp:photo1" se:title="Photo1" se:bind="element" startAt="80" class="property" orientation="horizontal"><childs><ptritem se:bind="attribute" se:title="Ref" se:name="sc:refUri" class="formview" regexpSgn=".*@sfile_jpg_jpeg\b.*|.*@sfile_png\b.*" notnull="true"/></childs></element><element se:name="sp:photo2" se:title="Photo2" se:bind="element" startAt="80" class="property" se:card="?" orientation="horizontal"><childs><ptritem se:bind="attribute" se:title="Ref" se:name="sc:refUri" class="formview" regexpSgn=".*@sfile_jpg_jpeg\b.*|.*@sfile_png\b.*" notnull="true"/></childs></element><element se:name="sp:lib" se:title="Libelle" se:bind="element" startAt="80" class="property" orientation="horizontal"><childs><contentElement se:bind="text" class="property"><textInput notnull="true" trim="true"/></contentElement></childs></element><element se:name="sp:des" se:title="Description" se:bind="element" startAt="80" class="property" orientation="horizontal"><childs><contentElement se:bind="text" class="property"><textInput notnull="true" trim="true"/></contentElement></childs></element><element se:name="sp:salle" se:title="Salle" se:bind="element" class="property"><childs><element se:name="sp:nbsalle" se:title="Nbsalle" se:bind="element" startAt="80" class="property" orientation="horizontal"><childs><contentElement se:bind="text" class="property"><textInput notnull="true" trim="true"/></contentElement></childs></element></childs></element></se:template></se:lib></se:editor>