<?xml version="1.0" encoding="UTF-8"?>
<structure xmlns:sp="http://www.utc.fr/ics/scenari/v3/primitive" xmlns:sc="http://www.utc.fr/ics/scenari/v3/core" code="bs_sTxt" racine="//bs:sTxt" codecomposant="getIdNode(..)" version="1.0" xmlns:bs="scpf.org:base" xmlns:java="http://xml.apache.org/xslt/java"><valeur code="xhtmlContent"><source type="xslOnSrc-dynamique"><xsl:stylesheet xmlns:xsl="http://www.w3.org/1999/XSL/Transform" version="1.0" exclude-result-prefixes="sc sp java bs" extension-element-prefixes="redirect" xmlns:bs="scpf.org:base" xmlns:sc="http://www.utc.fr/ics/scenari/v3/core" xmlns:sp="http://www.utc.fr/ics/scenari/v3/primitive" xmlns:java="http://xml.apache.org/xslt/java" xmlns:redirect="com.scenari.xsldom.xalan.lib.Redirect"><xsl:output method="xml" indent="no" omit-xml-declaration="yes"/><xsl:param name="vDialog"/><xsl:param name="vAgent"/><xsl:param name="vArguments"/><xsl:template match="*"><xsl:choose><xsl:when test="$vArguments"><xsl:variable name="vTagName" select="local-name($vArguments)"/><xsl:choose><xsl:when test="$vTagName='table' or $vTagName='simpleList' or $vTagName='itemizedList' or $vTagName='orderedList'"><xsl:apply-templates mode="bkChildren" select="$vArguments"/></xsl:when><xsl:when test="$vTagName='cell' or $vTagName='listItem'"><xsl:apply-templates mode="bk" select="$vArguments/node()"/></xsl:when><xsl:when test="$vTagName='extBlock' or $vTagName='emptyBlock'"/><xsl:otherwise><xsl:apply-templates mode="in" select="$vArguments/node()"/></xsl:otherwise></xsl:choose></xsl:when><xsl:otherwise><xsl:apply-templates mode="bk" select="*"/></xsl:otherwise></xsl:choose></xsl:template><xsl:template match="*" mode="bk"/><xsl:template match="text()" mode="bk"/><xsl:template match="*" mode="bkChildren"/><xsl:template match="text()" mode="bkChildren"/><xsl:template match="*" mode="in"/><xsl:template match="text()" mode="in"><xsl:copy-of select="."/></xsl:template><xsl:template match="sc:para" mode="bk"><span class="bs_sTxt_p"><xsl:apply-templates mode="in"/></span></xsl:template><xsl:template match="sc:simpleList" mode="bk"><ul class="bs_sTxt_sl"><xsl:apply-templates mode="listNd"/></ul></xsl:template><xsl:template match="sc:simpleList" mode="bkChildren"><xsl:apply-templates mode="listNd"/></xsl:template><xsl:template match="sc:member" mode="listNd"><li class="bs_sTxt_m"><span><xsl:apply-templates mode="in"/></span></li></xsl:template><xsl:template match="node()" mode="listNd"/><xsl:template match="sc:itemizedList" mode="bk"><ul class="bs_sTxt_il"><xsl:apply-templates mode="listNf"/></ul></xsl:template><xsl:template match="sc:itemizedList" mode="bkChildren"><xsl:apply-templates mode="listNf"/></xsl:template><xsl:template match="sc:listItem" mode="listNf"><li class="bs_sTxt_ili"><xsl:apply-templates mode="bk"/></li></xsl:template><xsl:template match="node()" mode="listNf"/><xsl:template match="sc:orderedList" mode="bk"><ol class="bs_sTxt_ol"><xsl:apply-templates mode="listN11"/></ol></xsl:template><xsl:template match="sc:orderedList" mode="bkChildren"><xsl:apply-templates mode="listN11"/></xsl:template><xsl:template match="sc:listItem" mode="listN11"><li class="bs_sTxt_oli"><xsl:apply-templates mode="bk"/></li></xsl:template><xsl:template match="node()" mode="listN11"/><xsl:template match="sc:uLink[@role=&quot;url&quot;]" mode="in"><a class="bs_sTxt_ul_url"><xsl:attribute name="target">_blank</xsl:attribute><xsl:attribute name="href"><xsl:value-of xmlns:xsl="http://www.w3.org/1999/XSL/Transform" select="@url"/></xsl:attribute><span><xsl:apply-templates mode="in"/></span></a></xsl:template><xsl:template match="sc:phrase[@role='quote']" mode="in"><span class="bs_sTxt_ph_quote"><span class="bs_sTxt_php_quote">&quot;</span><xsl:apply-templates mode="in"/><span class="bs_sTxt_phs_quote">&quot;</span></span></xsl:template><xsl:template match="sc:inlineStyle[@role='imp']" mode="in"><span class="bs_sTxt_is_imp"><xsl:apply-templates mode="in"/></span></xsl:template><xsl:template match="sc:inlineImg[@role='ico']" mode="in"><span class="bs_sTxt_tim_ico"><alternative alt="{.}"><xsl:value-of select="computeStrAgent(concat('@', getIdFromPath(@sc:refUri), '_Ainline/xhtmlContent'))" disable-output-escaping="yes"/></alternative></span></xsl:template></xsl:stylesheet></source></valeur></structure>