<?xml version="1.0" encoding="UTF-8"?>
<se:editor xmlns:sp="http://www.utc.fr/ics/scenari/v3/primitive" xmlns:sc="http://www.utc.fr/ics/scenari/v3/core" xmlns:cv="scenari-platform:cv" xmlns="http://www.mozilla.org/keymaster/gatekeeper/there.is.only.xul" xmlns:se="http://www.utc.fr/ics/scenari/v3/editing" se:namespaces="true">
<se:lib xmlns:se="http://www.utc.fr/ics/scenari/v3/editing"><element type="cv_info#" se:id="cv_info" se:bind="element" se:name="cv:info" se:title="Informations Profil" se:declareNs="sp sc cv"><childs><se:ref se:refid="s_content"/></childs></element><hiddenElement type="cv_info#" se:id="cv_info:hideHeader" se:bind="element" se:name="cv:info" se:title="Informations Profil" se:declareNs="sp sc cv"><childs><se:ref se:refid="s_content"/></childs></hiddenElement><se:template se:id="s_content"><element se:name="sp:exppro" se:title="Nombre d&apos;années Expériences Professionnelle" se:bind="element" startAt="80" class="property" orientation="horizontal"><childs><contentElement se:bind="text" class="property"><textInput notnull="true" trim="true"/></contentElement></childs></element><element se:name="sp:diplome" se:title="Diplôme" se:bind="element" startAt="80" class="property" orientation="horizontal"><childs><contentElement se:bind="text" class="property"><textInput notnull="true" trim="true"/></contentElement></childs></element><element se:name="sp:age" se:title="Age" se:bind="element" startAt="80" class="property" orientation="horizontal"><childs><contentElement se:bind="text" class="property"><textInput notnull="true" trim="true"/></contentElement></childs></element><element se:name="sp:nat" se:title="Nationalité" se:bind="element" startAt="80" class="property" orientation="horizontal"><childs><contentElement se:bind="text" class="property"><textInput notnull="true" trim="true"/></contentElement></childs></element><element se:name="sp:langue" se:title="Langues" se:bind="element" startAt="80" class="property" se:card="?" orientation="horizontal"><childs><contentElement se:bind="text" class="property"><textInput notnull="true" trim="true"/></contentElement></childs></element><element se:name="sp:autre" se:title="Autre" se:bind="element" startAt="80" class="property" se:card="*" orientation="horizontal"><childs><contentElement se:bind="text" class="property"><textInput notnull="true" trim="true"/></contentElement></childs></element><insert se:bind="current"/></se:template></se:lib></se:editor>