<?xml version="1.0" encoding="UTF-8"?>
<pack>
	<wspType xmlns:sc="http://www.utc.fr/ics/scenari/v3/core" uri="pdg0-0_1" lang="" key="pdg0-0" defaultCode="pdg" title="pagedegarde 0.0" description="" version="0.0.1"><wspUpdate localAutoUpdate="minor"><res key="pdg0-0.wsp"><description title="pagedegarde"/></res></wspUpdate><systemSpace space="~param/pdg0-0/ss"><res key="pdg0-0.ss"><description title="pagedegarde (ss)"/></res></systemSpace><systemSpace space="~param/pdg0-0/bs" optional="true"><res key="pdg0-0.bs"><description title="pagedegarde (bs)"/></res></systemSpace><systemSpace space="~param/pdg0-0/gen/hellouniverseWebGen"><res key="pdg0-0.gen.hellouniverseWebGen"><description title="Générateur HTML"/></res></systemSpace><systemSpace space="~param/pdg0-0/gen/genPrint"><res key="pdg0-0.gen.genPrint"><description title="Support papier PDF"/></res></systemSpace><editionSheet pack="pdg0-0_1" brickSelector="{pdg0-0.moz;0.0.1;zxx}"/></wspType>
</pack>