<?xml version="1.0" encoding="UTF-8"?>
<se:editor xmlns:sc="http://www.utc.fr/ics/scenari/v3/core" xmlns:bs="scpf.org:base" xmlns="http://www.mozilla.org/keymaster/gatekeeper/there.is.only.xul" xmlns:se="http://www.utc.fr/ics/scenari/v3/editing" se:namespaces="true">
<se:lib xmlns:se="http://www.utc.fr/ics/scenari/v3/editing"><element se:id="title" se:bind="element" se:name="bs:sTitle" se:title="Titre" se:declareNs="sc bs" class="content" orientation="horizontal"><childs><hiddenElement se:name="sc:fullTitle" se:bind="element"><childs><contentElement se:bind="text" class="property" se:defaultvalue=""><textInput notnull="true" trim="true" fullTitleField=""/></contentElement></childs></hiddenElement></childs></element></se:lib></se:editor>