<?xml version="1.0" encoding="UTF-8"?>
<fs xmlns:sc="http://www.utc.fr/ics/scenari/v3/core">
<bdp classSignature="@sfile_png" contentStatus="folder">
		
<renommage codeModule="rename"/>
<identification codeModule="identif"/>
<enregistrement codeModule="save"/>
</bdp>
	
	<module code="identif" type="com.scenari.m.bdp.module.identif.res.HModuleIdentifResLoader"><identifEntry certainty="13" extension="png"/><identifEntry certainty="11" mimeType="image/png"/></module>
	
<module code="pres" type="com.scenari.m.bdp.module.pres.HModulePresLoader">
<intituleModele>Ressource / Image PNG</intituleModele>
</module>
	
<module code="system.xul" type="com.scenari.m.bdp.module.xul.HModuleXulLoader">
<package code="pdg0-0_1"/>
<model code="sfile_png"/>
</module>
	
	
	
<module code="save" type="com.scenari.m.bdp.module.save.automultires.HModuleSaveAutoMultiResLoader">
<genItem uriRes="" errorIfNotExist="La ressource est manquante" errorIfLength0="La ressource est vide"/>
		
<genItem codeModule="genLinks" uriRes="/meta\.xml" unkonwnStream="true"/>

</module>
	
<module code="replaceMs" type="com.scenari.m.bdp.facet.replacemainstream.FacetReplaceMainStreamLoader" />
	
	
	
<module code="export" type="eu.scenari.facet.export.FacetExportLoader"/>
	
<module code="rename" type="com.scenari.m.bdp.module.rename.multi.HModuleRenameMultiLoader">
<renameRes uriResPattern="/meta\.xml" codeModule="renameMeta"/>
</module>
	
<module code="renameMeta" type="com.scenari.m.bdp.module.rename.uii.HModuleRenameUiiLoader"/>
	
	

<module code="genLinks" type="com.scenari.m.bdp.module.genitem.uii.HModuleGenItemUiiLoader"/>

		
	
	<module code="search" type="eu.scenari.wsp.module.search.ModuleSearchPropsLoader"/>
	
<module code="folderRenderer" type="eu.scenari.facet.folderrenderer.FacetFolderRendererLoader" tagRootQName="sfile:png" tagRootNs="http://www.utc.fr/ics/scenari/v3/file"/>
	
	<module type="eu.scenari.wsp.module.bsbinding.ModuleBsBindingLoader" code="bsBinding"><context code="hellouniverseWebGen"><bs sc:refUri="/~param/pdg0-0/bs/hellouniverse/gen/web/transf/binaries/png_web@gallery.bs.xml"/><bs sc:refUri="/~param/pdg0-0/bs/binaries/png/web/png_web.bs.xml"/><bs sc:refUri="/~param/pdg0-0/bs/binaries/png/web/png_web@inline.bs.xml"/></context></module>
</fs>