<?xml version="1.0" encoding="UTF-8"?>
<bindings xmlns:html="http://www.w3.org/1999/xhtml" xmlns:xul="http://www.mozilla.org/keymaster/gatekeeper/there.is.only.xul" xmlns="http://www.mozilla.org/xbl">
<binding id="zone" extends="chrome://scenariWsp/content/widgets/xed/richText/textBase.xbl.xml#zone">
<resources>
<image src="chrome://scenariXedLib/content/libUiBase/skin/img/error.png"/>
<image src="chrome://scenariXedLib/content/libUiBase/skin/img/errorS.png"/>
<image src="chrome://scenariXedLib/content/libUiExtra/scRichText/img/caretDragOver.png"/>
<image src="chrome://scenariXedLib/content/libUiExtra/scRichText/img/tag.png"/>
<image src="chrome://scenariXedLib/content/libUiExtra/scRichText/img/styler.png"/>
<image src="chrome://scenariXedLib/content/libUiExtra/scRichText/img/styler_off.png"/>
<image src="chrome://scenariXedLib/content/libUiExtra/scRichText/img/stylerRem.png"/>
<image src="chrome://scenariXedLib/content/libUiExtra/scRichText/img/stylerRem_off.png"/>
<image src="chrome://scenariXedLib/content/libUiExtra/scRichText/img/insertList.png"/>
<image src="chrome://scenariXedLib/content/libUiExtra/scRichText/img/unwrapList.png"/>
<image src="chrome://scenariXedLib/content/libUiExtra/scRichText/img/unwrapList_off.png"/>
<image src="chrome://scenariXedLib/content/libUiExtra/scRichText/img/link.png"/>
<image src="chrome://scenariXedLib/content/libUiExtra/scRichText/img/link_off.png"/>
<image src="chrome://scenariXedLib/content/libUiExtra/scRichText/img/meta.png"/>
<image src="chrome://scenariXedLib/content/libUiExtra/scRichText/img/meta_off.png"/>
</resources>
<implementation>
<property name="fCodeModel" onget="return 'bs_sTxt';"/>
<property name="fHtmlStyleSheet" onget="return 'chrome://pdg0-0_1/content/bs_sTxt/xedUi/textHtmlEdit.css';"/>
<property name="fUrlCssShowTag" onget="return 'chrome://pdg0-0_1/content/bs_sTxt/xedUi/textHtmlTag.css';"/>
<property name="isEditorWithBlocks" onget="return true;" readonly="true"/>
<property name="img_CaretDragOver" onget="return 'chrome://scenariXedLib/content/libUiExtra/scRichText/img/caretDragOver.png';" readonly="true"/>
<method name="getItemTooltip">
<parameter name="pNotAutoCreate"/>
<body>
					if(!this.fItemTooltip &amp;&amp; !pNotAutoCreate) {
						this.fItemTooltip = this.popupset.appendChild(this.ownerDocument.createElementNS(XULNS, "tooltip"));
						this.fItemTooltip.style.MozBinding = "url(chrome://scenariWsp/content/widgets/itemTooltip/itemTooltip.xbl.xml#itemTooltip)";
					}
					return this.fItemTooltip;
				</body>
</method>
<method name="initClasses">
<body>
				if( ! window._bs_sTxt_classes) window._bs_sTxt_classes = this.buildClasses();
				return window._bs_sTxt_classes;
</body>
</method>

<method name="buildClasses">
<body>
var vClasses = {};
vClasses._xml = {}; 
vClasses.HTML = {
	type : 0,
	isChildAllowed : function(pParentNode, pChildClass) {
		return pChildClass === vClasses.BODY;
	},
	isDescForbidden : function(pAncHtmlNode, pDescClass, pDescRole){
		return false;
	}
};
vClasses.HEAD = vClasses.HTML;
vClasses.TITLE = vClasses.HTML;
vClasses["#document"] = vClasses.HTML;
vClasses["#document-fragment"] = {
	type : 0,
	isChildAllowed : function(pParentNode, pChildClass) {
		if(pParentNode.fHtmlContext) return vClasses[pParentNode.fHtmlContext.nodeName].isChildAllowed(pParentNode.fHtmlContext, pChildClass);
		return true;
	},
	isDescForbidden : function(pAncHtmlNode, pDescClass, pDescRole){
		if(pAncHtmlNode.fHtmlContext) return vClasses[pAncHtmlNode.fHtmlContext.nodeName].isDescForbidden(pAncHtmlNode.fHtmlContext, pDescClass, pDescRole);
		return false;
	}
};

vClasses["html:error"] = vClasses["html:iframe"] = vClasses["html:span"] = {
	type: 8
};
vClasses.BR = {
	type : 9
};
vClasses["#text"] = {
	type : 10,
	isInlineSibling : true,
	isChildAllowed : function(pParentNode, pChildClass) {
		return pChildClass.isInlineSibling;
	},
	isDescForbidden : function(pAncHtmlNode, pDescClass, pDescRole){
		return vClasses[pAncHtmlNode.parentNode.nodeName].isDescForbidden(pAncHtmlNode.parentNode, pDescClass, pDescRole);
	}
};
vClasses._xml["#text"] = vClasses["#text"];
vClasses.BODY = {
	type : 6,
	isParaParent : true,
	isChildAllowed : function(pParentNode, pChildClass) {
		return pChildClass.isParaSibling;
	},
	isDescForbidden : function(pAncHtmlNode, pDescClass, pDescRole){
		return false;
	}
};
vClasses.DIFFP = {
	type : 5,
	isParaSibling : false,
	isDefined : function(pNode){
		return true;
	},
	isChildAllowed : function(pParentNode, pChildClass) {
		return pChildClass.isInlineSibling;
	},
	isDescForbidden : function(pAncHtmlNode, pDescClass, pDescRole) {
		return false;
	}
};
vClasses.DIFFTABLE = {
	type : 6,
	isParaSibling : true,
	isDefined : function(pNode){
		return true;
	},
	isChildAllowed : function(pParentNode, pChildClass) {
		return false;
	},
	isDescForbidden : function(pAncHtmlNode, pDescClass, pDescRole) {
		return false;
	}
};
vClasses.DEL = vClasses.UNWRAP = vClasses.INS = {
	type : 3,
	isInlineSibling : true,
	isDefined : function(pNode){
		return true;
	},
	isChildAllowed : function(pParentNode, pChildClass) {
		return pChildClass.isInlineSibling;
	},
	isDescForbidden : function(pAncHtmlNode, pDescClass, pDescRole) {
		return vClasses[pAncHtmlNode.parentNode.nodeName].isDescForbidden(pAncHtmlNode.parentNode, pDescClass, pDescRole);
	}
};


vClasses.PARA = {
	type : 5,
	isParaSibling : true,
	isDefined : function(pNode){
		return true;
	},
	isChildAllowed : function(pParentNode, pChildClass) {
		return pChildClass.isInlineSibling;
	},
	isDescForbidden : function(pAncHtmlNode, pDescClass, pDescRole) {
		return vClasses[pAncHtmlNode.parentNode.nodeName].isDescForbidden(pAncHtmlNode.parentNode, pDescClass, pDescRole);
	},
	isClonable : true,
	getStructuralNodes : function(pNode){
		switch(pNode.getAttribute("role")||"") {
case "" : return {title:"Paragraphe", _node:pNode}; 

		}
		return null;
	},
	xmlLName : "para"
};
vClasses._xml.para = vClasses.PARA;



vClasses.DIR = {
	type : 6,
	isParaSibling : true,
	isSplitable : true,
	getStructuralNodes : function(pNode){
		switch(pNode.getAttribute("role")||"") {
case "" : return {title:"Liste simple", _node:pNode}; 

		}
		return null;
	},
	hasTitle : function(pNode){ 

		return 0;
	},
	isDefined : function(pNode){
		switch(pNode.getAttribute("role")||"") {
case "" :  

			return true;
		}
		return false;
	},
	getDefaultRole : function(pNode, pParentHtmlNode){
		var vParentNode = pParentHtmlNode||pNode.parentNode;
if(! vClasses[vParentNode.nodeName].isDescForbidden(vParentNode, this, "")) return "";

		return null;
	},
	isChildAllowed : function(pParentNode, pChildClass) {
		return pChildClass === vClasses.MEMBER || pChildClass === vClasses.TITLE;
	},
	isDescForbidden : function(pAncHtmlNode, pDescClass, pDescRole) {
		return vClasses[pAncHtmlNode.parentNode.nodeName].isDescForbidden(pAncHtmlNode.parentNode, pDescClass, pDescRole);
	},
	xmlLName : "simpleList"
};
vClasses._xml.simpleList = vClasses.DIR;
vClasses.MEMBER = {
	type : 5,
	isClonable : true,
	nameForParaSibling : "para", //Indique qu'il faut renommer cette balise si elle est replacée dans un contexte de paraSibling.
	getStructuralNodes : function(pNode){

		switch(pNode.parentNode.getAttribute("role")||"") {
case "" : return {title:"Item paragraphe", _node:pNode}; 

		}

		return null;
	},
	isDefined : function(pNode){
		return true;
	},
	isChildAllowed : function(pParentNode, pChildClass) {
		return pChildClass.isInlineSibling;
	},
	isDeletable : function(pHtmlNode) {
		var vSibling = pHtmlNode.nextElementSibling;
		if(vSibling) return true;
		vSibling = pHtmlNode.previousElementSibling;
		if(vSibling &amp;&amp; vSibling.nodeName=="MEMBER") return true;
		return false;
	}, 
	isDescForbidden : function(pAncHtmlNode, pDescClass, pDescRole) {
		var vP = pAncHtmlNode.parentNode;
		if(!vP &amp;&amp; pAncHtmlNode.fHtmlContext) return vClasses[pAncHtmlNode.fHtmlContext.nodeName].isDescForbidden(pAncHtmlNode.fHtmlContext, pDescClass, pDescRole);
		return vClasses[vP.nodeName].isDescForbidden(vP, pDescClass, pDescRole);
	},
	xmlLName : "member"
};
vClasses._xml.member = vClasses.MEMBER;

vClasses.UL = {
	type : 6,
	isParaSibling : true,
	isSplitable : true,
	getStructuralNodes : function(pNode){

		switch(pNode.getAttribute("role")||"") {
case "" : return {title:"Liste à puce", _node:pNode}; 

		}

		return null;
	},
	hasTitle : function(pNode){ 

		return 0;
	},
	isDefined : function(pNode){

		switch(pNode.getAttribute("role")||"") {
case "" :  

			return true;
		}

		return false;
	},
	getDefaultRole : function(pNode, pParentHtmlNode){
		var vParentNode = pParentHtmlNode||pNode.parentNode;
if(! vClasses[vParentNode.nodeName].isDescForbidden(vParentNode, this, "")) return "";

		return null;
	},
	isChildAllowed : function(pParentNode, pChildClass) {
		return (pChildClass === vClasses.LITEM  || pChildClass === vClasses.TITLE);
	},
	isDescForbidden : function(pAncHtmlNode, pDescClass, pDescRole) {
		return vClasses[pAncHtmlNode.parentNode.nodeName].isDescForbidden(pAncHtmlNode.parentNode, pDescClass, pDescRole);
	},
	xmlLName : "itemizedList"
};
vClasses._xml.itemizedList = vClasses.UL;

vClasses.OL = {
	type : 6,
	isParaSibling : true,
	isSplitable : true,
	getStructuralNodes : function(pNode){

		switch(pNode.getAttribute("role")||"") {
case "" : return {title:"Liste ordonnée", _node:pNode}; 

		}

		return null;
	},
	hasTitle : function(pNode){ 

		return 0;
	},
	isDefined : function(pNode){

		switch(pNode.getAttribute("role")||"") {
case "" :  

			return true;
		}

		return false;
	},
	getDefaultRole : function(pNode, pParentHtmlNode){
		var vParentNode = pParentHtmlNode||pNode.parentNode;
if(! vClasses[vParentNode.nodeName].isDescForbidden(vParentNode, this, "")) return "";

		return null;
	},
	isChildAllowed : function(pParentNode, pChildClass) {
		return (pChildClass === vClasses.LITEM || pChildClass === vClasses.TITLE);
	},
	isDescForbidden : function(pAncHtmlNode, pDescClass, pDescRole) {
		return vClasses[pAncHtmlNode.parentNode.nodeName].isDescForbidden(pAncHtmlNode.parentNode, pDescClass, pDescRole);
	},
	xmlLName : "orderedList"
};
vClasses._xml.orderedList = vClasses.OL;
vClasses.LITEM = {
	type : 6,
	isParaParent : true,
	isSplitable : true,
	getStructuralNodes : function(pNode){

	if(pNode.parentNode.localName=="ul"){
		switch(pNode.parentNode.getAttribute("role")||"") {
case "" : return {title:"Item", _node:pNode}; 

		}
	} else {
		switch(pNode.parentNode.getAttribute("role")||"") {
case "" : return {title:"Item", _node:pNode}; 

		}
	}

	return null;
	},
	isDefined : function(pNode){
		return true;
	},
	isChildAllowed : function(pParentNode, pChildClass) {
		return pChildClass.isParaSibling;
	},
	isDeletable : function(pHtmlNode) {
		var vSibling = pHtmlNode.nextElementSibling;
		if(vSibling) return true;
		vSibling = pHtmlNode.previousElementSibling;
		if(vSibling &amp;&amp; vSibling.nodeName=="LITEM") return true;
		return false;
	}, 
	isDescForbidden : function(pAncHtmlNode, pDescClass, pDescRole) {
		return vClasses[pAncHtmlNode.parentNode.nodeName].isDescForbidden(pAncHtmlNode.parentNode, pDescClass, pDescRole);
	},
	xmlLName : "listItem"
};
vClasses._xml.listItem = vClasses.LITEM;

vClasses.TITLE = {
	type : 5,
	isRequired : true,
	nameForParaSibling : "para", //Indique qu'il faut renommer cette balise si elle est replacée dans un contexte de paraSibling.
	getStructuralNodes : function(pNode){

		return null;
	},
	isDefined : function(pNode, pParentNode){

		return false;
	},
	isChildAllowed : function(pParentNode, pChildClass) {
		return pChildClass.isInlineSibling;
	},
	isDescForbidden : function(pAncHtmlNode, pDescClass, pDescRole) {
		return vClasses[pAncHtmlNode.parentNode.nodeName].isDescForbidden(pAncHtmlNode.parentNode, pDescClass, pDescRole);
	},
	xmlLName : "title"
};
vClasses._xml.title = vClasses.TITLE;

vClasses.TABLE = {
	type : 6,
	isParaSibling : true,
	isForced : true,
	isHighlightable : true,
	getStructuralNodes : function(pNode){

		return null;
	},
	hasCaption : function(pNode){ 

		return 0;
	},
	isRowSpanAllowed : function(pTableNode){ 

		return 0;
	},
	isColSpanAllowed : function(pTableNode){ 

		return 0;
	},
	_Def : {
"#emptyArray" : []
	},
	listColumnRoles : function(pNode){
		var vDef = this._Def[pNode.getAttribute("role")||""];
		return vDef ? vDef.colRoles : this._Def["#emptyArray"];
	},
	listRowRoles : function(pNode){
		var vDef = this._Def[pNode.getAttribute("role")||""];
		return vDef ? vDef.rowRoles : this._Def["#emptyArray"];
	},
	listCellRoles : function(pNode){
		var vDef = this._Def[pNode.getAttribute("role")||""];
		return vDef ? vDef.cellRoles : this._Def["#emptyArray"];
	},
	listColumnNames : function(pNode){
		var vDef = this._Def[pNode.getAttribute("role")||""];
		return vDef ? vDef.colNames : this._Def["#emptyArray"];
	},
	listRowNames : function(pNode){
		var vDef = this._Def[pNode.getAttribute("role")||""];
		return vDef ? vDef.rowNames : this._Def["#emptyArray"];
	},
	listCellNames : function(pNode){
		var vDef = this._Def[pNode.getAttribute("role")||""];
		return vDef ? vDef.cellNames : this._Def["#emptyArray"];
	},
	isDefined : function(pNode){

		return false;
	},
	getDefaultRole : function(pNode, pParentHtmlNode){
		var vParentNode = pParentHtmlNode||pNode.parentNode;

		return null;
	},
	isChildAllowed : function(pParentNode, pChildClass) {
		return (pChildClass === vClasses.CAPTION || pChildClass === vClasses.COL || pChildClass === vClasses.TR);
	},
	isDescForbidden : function(pAncHtmlNode, pDescClass, pDescRole) {
		return vClasses[pAncHtmlNode.parentNode.nodeName].isDescForbidden(pAncHtmlNode.parentNode, pDescClass, pDescRole);
	},
	xmlLName : "table"
};
vClasses._xml.table = vClasses.TABLE;
vClasses.CAPTION = {
	type : 5,
	isRequired : true,
	getStructuralNodes : function(pNode){

		return null;
	},
	isDefined : function(pNode, pTable){

		return false;
	},
	isChildAllowed : function(pParentNode, pChildClass) {
		return pChildClass.isInlineSibling;
	},
	isDescForbidden : function(pAncHtmlNode, pDescClass, pDescRole) {
		return vClasses[pAncHtmlNode.parentNode.nodeName].isDescForbidden(pAncHtmlNode.parentNode, pDescClass, pDescRole);
	},
	xmlLName : "caption"
};
vClasses._xml.caption = vClasses.CAPTION;
vClasses.COL = {
	type : 6,
	isRequired : true,
	isForced : true,
	getStructuralNodes : function(pNode){

		return null;
	},
	isDefined : function(pNode, pTable){

		return false;
	},
	isChildAllowed : function(pParentNode, pChildClass) {
		return false;
	},
	isDescForbidden : function(pAncHtmlNode, pDescClass, pDescRole) {
		return vClasses[pAncHtmlNode.parentNode.nodeName].isDescForbidden(pAncHtmlNode.parentNode, pDescClass, pDescRole);
	},
	_Def : vClasses.TABLE._Def,
	getDefaultRole : function(pNode, pTable){
		var vTable = pTable || pNode.parentNode;
		var vTableRole = vTable.getAttribute("role") || "";
		var vTableDef = this._Def[vTableRole];
		return vTableDef ? vTableDef.colRoles[0] : null;
	},
	xmlLName : "column"
};
vClasses._xml.column = vClasses.COL;
vClasses.TR = {
	type : 6,
	isRequired : true,
	isForced : true,
	getStructuralNodes : function(pNode){

		return null;
	},
	isDefined : function(pNode, pTable){

		return false;
	},
	isChildAllowed : function(pParentNode, pChildClass) {
		return pChildClass === vClasses.TD;
	},
	isDescForbidden : function(pAncHtmlNode, pDescClass, pDescRole) {
		return vClasses[pAncHtmlNode.parentNode.nodeName].isDescForbidden(pAncHtmlNode.parentNode, pDescClass, pDescRole);
	},
	_Def : vClasses.TABLE._Def,
	getDefaultRole : function(pNode, pTable){
		var vTable = pTable || pNode.parentNode;
		var vTableRole = vTable.getAttribute("role") || "";
		var vTableDef = this._Def[vTableRole];
		return vTableDef ? vTableDef.rowRoles[0] : null;
	},
	xmlLName : "row"
};
vClasses._xml.row = vClasses.TR;
vClasses.TD = {
	type : 6,
	isParaParent : true,
	isRequired : true,
	isForced : true,
	getStructuralNodes : function(pNode, pExtraContext){

		return null;
	},
	isDefined : function(pNode, pRow){

		return false;
	},
	isChildAllowed : function(pParentNode, pChildClass) {
		return pChildClass.isParaSibling;
	},
	isDescForbidden : function(pAncHtmlNode, pDescClass, pDescRole) {
		//On interdit les tables dans les tables.
		if(pDescClass === vClasses.TABLE || pDescClass === vClasses.CAPTION || pDescClass === vClasses.COL || pDescClass === vClasses.TR) return true;
		return vClasses[pAncHtmlNode.parentNode.nodeName].isDescForbidden(pAncHtmlNode.parentNode, pDescClass, pDescRole);
	},
	_Def : vClasses.TABLE._Def,
	getDefaultRole : function(pNode, pRow){
		var vRow = pRow || pNode.parentNode;
		var vTableRole = vRow.parentNode &amp;&amp; vRow.parentNode.nodeType==1 ? vRow.parentNode.getAttribute("role")|| "" : "";
		var vTableDef = this._Def[vTableRole];
		return vTableDef ? vTableDef.cellRoles[0] : null;
	},
	xmlLName : "cell"
};
vClasses._xml.cell = vClasses.TD;

vClasses.EXTBLOCK = {
	type : 6,
	isParaSibling : true,
	isForced : true,
	isHighlightable : true,
	getStructuralNodes : function(pNode){

		return null;
	},

	hasCaption : function(pNode){ 

		return 0;
	},
	isDefined : function(pNode){

		return false;
	},
	getDefaultRole : function(pNode, pParentHtmlNode){
		var vParentNode = pParentHtmlNode||pNode.parentNode;

		return null;
	},
	isChildAllowed : function(pParentNode, pChildClass) {
		return (pChildClass === vClasses.CAPTIONBLOCK);
	},
	isDescForbidden : function(pAncHtmlNode, pDescClass, pDescRole) {
		return vClasses[pAncHtmlNode.parentNode.nodeName].isDescForbidden(pAncHtmlNode.parentNode, pDescClass, pDescRole);
	},
	onDoubleClick : function(pWindow, pZoneEditor, pNode) {
		var vRefUri = pNode.getAttribute("refUri");
		if(vRefUri) pWindow.desk.openRefUri(vRefUri, ";newTab;");
	},
	xmlLName : "extBlock"
};
vClasses._xml.extBlock = vClasses.EXTBLOCK;
vClasses.CAPTIONBLOCK = {
	type : 5,
	isRequired : true,
	getStructuralNodes : function(pNode){

		return null;
	},
	isDefined : function(pNode, pExtBlock){

		return false;
	},
	isChildAllowed : function(pParentNode, pChildClass) {
		return pChildClass.isInlineSibling;
	},
	isDescForbidden : function(pAncHtmlNode, pDescClass, pDescRole) {
		return vClasses[pAncHtmlNode.parentNode.nodeName].isDescForbidden(pAncHtmlNode.parentNode, pDescClass, pDescRole);
	},
	xmlLName : "captionBlock"
};
vClasses._xml.captionBlock = vClasses.CAPTIONBLOCK;


vClasses.EMPTYBLOCK = {
	type : 6,
	isParaSibling : true,
	isForced : true,
	isHighlightable : true,
	getStructuralNodes : function(pNode){

		return null;
	},
	isDefined : function(pNode){

		return false;
	},
	isChildAllowed : function(pParentNode, pChildClass) {
		return false;
	},
	isDescForbidden : function(pAncHtmlNode, pDescClass, pDescRole) {
		return true;
	},
	getDefaultRole : function(pNode, pParentHtmlNode){
		var vParentNode = pParentHtmlNode||pNode.parentNode;

		return null;
	},
	xmlLName : "emptyBlock"
};
vClasses._xml.emptyBlock = vClasses.EMPTYBLOCK;



vClasses.PHRASE = {
	type : 4,
	isInlineSibling : true,
	getStructuralNodes : function(pNode){

		switch(pNode.getAttribute("role")||"") {
case "quote" : return {title:"Citation", _node:pNode}; 

		}

		return null;
	},
	isDefined : function(pNode){

		switch(pNode.getAttribute("role")||"") {
case "quote" :  

			return true;
		}

		return false;
	},
	isChildAllowed : function(pParentNode, pChildClass) {
		return pChildClass.isInlineSibling;
	},
	isDescForbidden : function(pAncHtmlNode, pDescClass, pDescRole) {
		return vClasses[pAncHtmlNode.parentNode.nodeName].isDescForbidden(pAncHtmlNode.parentNode, pDescClass, pDescRole);
	},
	xmlLName : "phrase"
};
vClasses._xml.phrase = vClasses.PHRASE;

vClasses.ULINK = {
	type : 4,
	isInlineSibling : true,
	getStructuralNodes : function(pNode){

		switch(pNode.nodeType==1 ? pNode.getAttribute("role")||"" : pNode) {
case "url" : return {title:"Lien externe simple", hasLinkEditor:true, linkEditorFunc:"linkEditor_uLinkUrl", _node:pNode}; 

		}

		return null;
	},
	isRefItem : function(pNode){

		switch(pNode.getAttribute("role")||"") {
case "url" : return false; 

		}

		return false;
	},

	isDefined : function(pNode){

		switch(pNode.getAttribute("role")||"") {
case "url" :  

			return true;
		}

		return false;
	},
	isChildAllowed : function(pParentNode, pChildClass) {
		return pChildClass.isInlineSibling;
	},
	isDescForbidden : function(pAncHtmlNode, pDescClass, pDescRole) {
		return vClasses[pAncHtmlNode.parentNode.nodeName].isDescForbidden(pAncHtmlNode.parentNode, pDescClass, pDescRole);
	},
	xmlLName : "uLink"
};
vClasses._xml.uLink = vClasses.ULINK;

vClasses.INLINESTYLE = {
	type : 3,
	isInlineSibling : true,
	getStructuralNodes : function(pNode){

		switch(pNode.getAttribute("role")||"") {
case "imp" : return {title:"Important", _node:pNode}; 

		}

		return null;
	},
	isDefined : function(pNode){

		switch(pNode.getAttribute("role")||"") {
case "imp" :  

			return true;
		}

		return false;
	},
	isChildAllowed : function(pParentNode, pChildClass) {
		return pChildClass.isInlineSibling;
	},
	isDescForbidden : function(pAncHtmlNode, pDescClass, pDescRole) {
		return vClasses[pAncHtmlNode.parentNode.nodeName].isDescForbidden(pAncHtmlNode.parentNode, pDescClass, pDescRole);
	},
	xmlLName : "inlineStyle"
};
vClasses._xml.inlineStyle = vClasses.INLINESTYLE;

vClasses.TEXTLEAF = {
	type : 2,
	isInlineSibling : true,
	getStructuralNodes : function(pNode){

		return null;
	},
	isDefined : function(pNode){

		return false;
	},
	isChildAllowed : function(pParentNode, pChildClass) {
		return false;
	},
	isDescForbidden : function(pAncHtmlNode, pDescClass, pDescRole) {
		return vClasses[pAncHtmlNode.parentNode.nodeName].isDescForbidden(pAncHtmlNode.parentNode, pDescClass, pDescRole);
	},
	xmlLName : "textLeaf"
};
vClasses._xml.textLeaf = vClasses.TEXTLEAF;

vClasses.IMG = {
	type : 1,
	isInlineSibling : true,
	isForced : true,
	isHighlightable : true,
	getStructuralNodes : function(pNode){

		switch(pNode.nodeType==1 ? pNode.getAttribute("role")||"" : pNode) {
case "ico" : return {title:"Imagette", hasLinkEditor:true, linkEditorFunc:"linkEditor_inlineImg", _node:pNode}; 
}

		return null;
	},

	regexpSgn : {
"ico" : /.*@sfile_gif\b.*|.*@sfile_jpg_jpeg\b.*|.*@sfile_png\b.*/,

	},

	isDefined : function(pNode){

		switch(pNode.getAttribute("role")||"") {
case "ico" :  

			return true;
		}

		return false;
	},
	isChildAllowed : function(pParentNode, pChildClass) {
		return false;
	},
	isDescForbidden : function(pAncHtmlNode, pDescClass, pDescRole) {
		return vClasses[pAncHtmlNode.parentNode.nodeName].isDescForbidden(pAncHtmlNode.parentNode, pDescClass, pDescRole);
	},
	getAltTextTitle : function(pNode){

		switch(pNode.getAttribute("role")||"") {
case "ico" : return "Alternative textuelle";

		}

		return false;
	},
	onDoubleClick : function(pWindow, pZoneEditor, pNode) {
		var vRefUri = pNode.getAttribute("refUri");
		if(vRefUri) pWindow.desk.openRefUri(vRefUri, ";newTab;");
	},
	xmlLName : "inlineImg"
};
vClasses._xml.inlineImg = vClasses.IMG;

vClasses.NOTE = {
	type : 1,
	isInlineSibling : true,
	isForced : true,
	isHighlightable : true,
	getStructuralNodes : function(pNode){

		return null;
	},
	isDefined : function(pNode){

		return false;
	},
	isChildAllowed : function(pParentNode, pChildClass) {
		return false;
	},
	isDescForbidden : function(pAncHtmlNode, pDescClass, pDescRole) {
		return vClasses[pAncHtmlNode.parentNode.nodeName].isDescForbidden(pAncHtmlNode.parentNode, pDescClass, pDescRole);
	},
	xmlLName : "note"
};
vClasses._xml.note = vClasses.NOTE;

vClasses.OBJECTLEAF = {
	type : 1,
	isInlineSibling : true,
	isForced : true,
	isHighlightable : true,
	getStructuralNodes : function(pNode){

		return null;
	},

	isDefined : function(pNode){

		return false;
	},
	isChildAllowed : function(pParentNode, pChildClass) {
		return false;
	},
	isDescForbidden : function(pAncHtmlNode, pDescClass, pDescRole) {
		return vClasses[pAncHtmlNode.parentNode.nodeName].isDescForbidden(pAncHtmlNode.parentNode, pDescClass, pDescRole);
	},
	onDoubleClick : function(pWindow, pZoneEditor, pNode) {
		var vRefUri = pNode.getAttribute("refUri");
		if(vRefUri) pWindow.desk.openRefUri(vRefUri, ";newTab;");
	},
	xmlLName : "objectLeaf"
};
vClasses._xml.objectLeaf = vClasses.OBJECTLEAF;

vClasses.EMPTYLEAF = {
	type : 1,
	isInlineSibling : true,
	isForced : true,
	isHighlightable : true,
	getStructuralNodes : function(pNode){

		return null;
	},
	isDefined : function(pNode){

		return false;
	},
	isChildAllowed : function(pParentNode, pChildClass) {
		return false;
	},
	isDescForbidden : function(pAncHtmlNode, pDescClass, pDescRole) {
		return vClasses[pAncHtmlNode.parentNode.nodeName].isDescForbidden(pAncHtmlNode.parentNode, pDescClass, pDescRole);
	},
	xmlLName : "emptyLeaf"
};
vClasses._xml.emptyLeaf = vClasses.EMPTYLEAF;

//Compatibilité Gecko191 (nodeName en majuscule) et Gecko192 (nodeName en minuscule)
for(var vKey in vClasses) {
	var vLowerC = vKey.toLowerCase();
	if(vLowerC != vKey) vClasses[vLowerC] = vClasses[vKey];
}

return vClasses;
</body>
</method>


<method name="initToolBar">
<body>
				try{
					if(this.fRichTextInput.isReadOnly) return;
					var vDoc = this.fToolBar.ownerDocument;
					var sXbl = this;
					var sParentNode = this.fToolBar;
sXbl.createSeparator(sParentNode);
sXbl.action_insertInlineTags(sParentNode, "Insérer dans le paragraphe...", "chrome://scenariXedLib/content/libUiExtra/scRichText/img/styler.png");			
sXbl.action_removeInlineTags(sParentNode, "Eliminer une balise de paragraphe...", "chrome://scenariXedLib/content/libUiExtra/scRichText/img/stylerRem.png", "chrome://scenariXedLib/content/libUiExtra/scRichText/img/stylerRem_off.png");
sXbl.action_insertListTags(sParentNode, "Insérer une liste...", "chrome://scenariXedLib/content/libUiExtra/scRichText/img/insertList.png");
sXbl.action_unwrapList(sParentNode, "Sortir de la liste", "chrome://scenariXedLib/content/libUiExtra/scRichText/img/unwrapList.png", "chrome://scenariXedLib/content/libUiExtra/scRichText/img/unwrapList_off.png");
sXbl.createSeparator(sParentNode);
sXbl.action_toggleStructuredMarks(sParentNode, "Marquer / cacher la structure du texte", "chrome://scenariXedLib/content/libUiExtra/scRichText/img/tag.png");
sXbl.action_showLink(sParentNode, "Editer le lien...", "chrome://scenariXedLib/content/libUiExtra/scRichText/img/link.png", "chrome://scenariXedLib/content/libUiExtra/scRichText/img/link_off.png");

					} catch(e){xed.debug(e);}
</body>
</method>
<method name="refreshToolbar">
<parameter name="pSelection"/>
<parameter name="pSelectedNode"/>
<body>
					if(this.fRichTextInput.isReadOnly) return;
					if(!this.fToolBar) return;
					
					var vInlineParent = null;
          if(this.getBlockWrappingSel()) vInlineParent = this.buildRemoveInlinePopup();
                    					
					this.refreshActions(this.fToolBar);
					
</body>
</method>


			
<method name="buildInsertInlinePopup">
<parameter name="pPopup"/>
<body>this.action_generic(pPopup, "insert", "inlineStyle", "imp", "Important", "");
			
						this.createSeparator(pPopup);
this.action_generic(pPopup, "insert", "phrase", "quote", "Citation", "");
this.action_generic(pPopup, "insert", "uLink", "url", "Lien externe simple", "");
	
						this.createSeparator(pPopup);
this.action_generic(pPopup, "insert", "inlineImg", "ico", "Imagette", "");

					
					if(pPopup.lastChild &amp;&amp; pPopup.lastChild.localName=="menuseparator") pPopup.removeChild(pPopup.lastChild);
</body>
</method>
<method name="buildInsertListsPopup">
<parameter name="pPopup"/>
<body>this.action_generic(pPopup, "insert", "simpleList", "", "Liste simple", "");
this.action_generic(pPopup, "insert", "itemizedList", "", "Liste à puce", "");
this.action_generic(pPopup, "insert", "orderedList", "", "Liste ordonnée", "");
</body>
</method>


<method name="onKeyBinding">
<parameter name="pCharCode"/>
<parameter name="pEvent"/>
<body>
				if(pCharCode &gt;= 97 &amp;&amp; pCharCode &lt;= 122)  pCharCode -= 32;
				var vChar = String.fromCharCode(pCharCode);
				switch(vChar) {

				default: 
					return false;
				}
				return true;
</body>
</method>
<method name="newBlockOnDoubleReturn">
<parameter name="pParentPara"/>
<body>
					return null;
</body>
</method>
</implementation>
<handlers>
<handler event="showEltTooltip" phase="capturing">
				var vObj = event.target;
				if(vObj.nodeName=="OBJECTLEAF") {
					event.stopPropagation();
					var vTooltip = this.getItemTooltip();
					var vContext = {
						scWsp : window.scWsp,
						shortDesc : vObj.shortDesc
					}
					window.setTimeout(function(){vTooltip.redraw(vContext)}, 1);// setTimeout pour laisse rle teps au tooltip de s'initialiser
					vTooltip.openPopup(vObj, 'after_pointer', 0, -20, false, false);
				}
			</handler>
<handler event="hideEltTooltip" phase="capturing">
				var vObj = event.target;
				if(vObj.nodeName=="OBJECTLEAF") {
					var vTooltip = this.getItemTooltip(true);
					if(vTooltip) vTooltip.hidePopup();
				}
			</handler>
</handlers>
</binding>
<binding id="popupMenu" extends="chrome://scenariXedLib/content/libUiBase/widgets/xedUiRichTextInput.xbl.xml#popupMenu">
<implementation>
<method name="fillPopup">
<parameter name="pPopup"/>
<body>
				try {
					var sXbl = this.fRichTextZone;
					while(pPopup.hasChildNodes()) pPopup.removeChild(pPopup.lastChild);
					
					var vSel = sXbl.fHTMLEditor.selection;
					var vRange = vSel.rangeCount == 1 ? vSel.getRangeAt(0) : null;
					var vIsInReadOnly = sXbl.isRangeTouchReadOnlyContent(vSel, vRange);
					if(vIsInReadOnly) {					
						function addItem(pLabel, pCmd) {
							var vItem = document.createElementNS(XULNS, "menuitem");
							vItem.setAttribute("label", pLabel);
							vItem.setAttribute("cmd", pCmd);
							pPopup.appendChild(vItem);
						}
						addItem("Copier", "cmd_copy");
						addItem("Tout sélectionner", "cmd_selectAll");
					} else {
						this.xFillPopupStandard(pPopup);
						var vPaste = pPopup.getElementsByAttribute("cmd", "cmd_paste")[0];
						var vItemsMimeTypeAllowed = sXbl.fPasteItemsMimeTypeAllowed;
						if(vItemsMimeTypeAllowed &amp;&amp; vPaste.hasAttribute("disabled") &amp;&amp; transf.isClipboardContainMimeTypes(vItemsMimeTypeAllowed)) {
							vPaste.removeAttribute("disabled");
						}
						
						//Coller sans retour charriot
						if(xed_transf.isClipboardContainTextUnicode() &amp;&amp; sXbl.fHTMLEditor.selection.rangeCount == 1) {
							var vPasteNoReturn = pPopup.insertBefore(document.createElementNS(XULNS, "menuitem"), vPaste.nextSibling);
							vPasteNoReturn.setAttribute("label", "Coller sans retour à la ligne");
							vPasteNoReturn.setAttribute("cmd", "cmd_pasteNoReturn");
						}
					}
					
					//Ouvrir cet item
					var vNode = sXbl.getSelectedNode();
					if(vNode &amp;&amp; vNode.nodeType==3) vNode = vNode.parentNode;
					if(vNode &amp;&amp; vNode.getAttribute("refUri")) {
						pPopup.appendChild(document.createElementNS(dom.XULNS, "menuseparator"));
						var vItem = document.createElementNS(dom.XULNS, "menuitem");
						vItem.setAttribute("label", "Ouvrir l\&apos;item lié...");
						vItem.setAttribute("cmd", "openItem");
						vItem.fHtmlNode = vNode;
						pPopup.appendChild(vItem);
					}
					
					if(vIsInReadOnly) return;
					
					var sParentNode = pPopup;
sXbl.createSeparator(sParentNode);
sXbl.action_insertInlineTags(sParentNode, "Insérer dans le paragraphe...", "chrome://scenariXedLib/content/libUiExtra/scRichText/img/styler.png");			
sXbl.action_removeInlineTags(sParentNode, "Eliminer du paragraphe...", "chrome://scenariXedLib/content/libUiExtra/scRichText/img/stylerRem.png", "chrome://scenariXedLib/content/libUiExtra/scRichText/img/stylerRem_off.png");
sXbl.action_insertListTags(sParentNode, "Liste...", "chrome://scenariXedLib/content/libUiExtra/scRichText/img/insertList.png");
sXbl.action_unwrapList(sParentNode, "Sortir de la liste", "chrome://scenariXedLib/content/libUiExtra/scRichText/img/unwrapList.png", "chrome://scenariXedLib/content/libUiExtra/scRichText/img/unwrapList_off.png");
sXbl.createSeparator(sParentNode);
sXbl.action_toggleStructuredMarks(sParentNode, "Structure du texte", "chrome://scenariXedLib/content/libUiExtra/scRichText/img/tag.png");
sXbl.action_showLink(sParentNode, "Editer le lien...", "chrome://scenariXedLib/content/libUiExtra/scRichText/img/link.png", "chrome://scenariXedLib/content/libUiExtra/scRichText/img/link_off.png");

					//Activation...
					sXbl.refreshActions(pPopup);
				} catch(e){xed.debug(e);}
</body>
</method>
<method name="doCommandMenu">
<parameter name="pEvent"/>
<body>
				try {
					pEvent.stopPropagation();
					var vCmd = pEvent.originalTarget.getAttribute('cmd');
					if(vCmd) {
						switch(vCmd) {
							case "cmd_copy" :
								this.fRichTextZone.cmdCopy();
								break;
							case "cmd_cut" :
								this.fRichTextZone.cmdCut();
								break;
							case "cmd_paste" :
								this.fRichTextZone.cmdPaste();
								break;
							case "cmd_delete" :
								this.fRichTextZone.cmdDelete();
								break;
							case "openItem" :
								var vNode = pEvent.originalTarget.fHtmlNode;
								window.desk.openRefUri(vNode.getAttribute("refUri"), ";newTab;");
								break;
							case "cmd_pasteNoReturn" :
								this.fRichTextZone.cmdPasteNoReturn();
								break;
							case "cmd_undo" :
							case "cmd_redo" :
								this.fRichTextZone.fRichTextInput.setDirty(true);
								//On continue //break;
							default :
								document.commandDispatcher.getControllerForCommand(vCmd).doCommand(vCmd);
						} 
					}
				}catch(e){log.debug(e);}
</body>
</method>
</implementation>
</binding>


</bindings>
