<?xml version="1.0" encoding="UTF-8"?>
<structure xmlns:sp="http://www.utc.fr/ics/scenari/v3/primitive" xmlns:sc="http://www.utc.fr/ics/scenari/v3/core" code="pdg_pdg1" racine="//pdg:pdg1" codecomposant="getIdNode(..)" version="1.0" xmlns:pdg="scenari-platform.org:pdg" xmlns:java="http://xml.apache.org/xslt/java"><valeur code="codeMeta"><source type="xpath-statique">concat(getIdNode(.), '_meta')</source></valeur><valeur code="idNodePrefixMeta"><source type="xpath-statique">getIdNode(.)</source></valeur><valeur code="fullTitleText"><source type="xpath-dynamique">computeStrAgent(concat('@', computeStrAgent('//codeMeta'), '/fullTitleText'))</source><resultat cache="*"/></valeur><valeur code="shortTitleText"><source type="xpath-dynamique">computeStrAgent(concat('@', computeStrAgent('//codeMeta'), '/shortTitleText'))</source><resultat cache="*"/></valeur><valeur code="xhtmlContent"><source type="xslOnSrc-dynamique"><xsl:stylesheet xmlns:xsl="http://www.w3.org/1999/XSL/Transform" version="1.0" exclude-result-prefixes="sc sp java pdg" extension-element-prefixes="scOrigin redirect" xmlns:pdg="scenari-platform.org:pdg" xmlns:java="http://xml.apache.org/xslt/java" xmlns:sc="http://www.utc.fr/ics/scenari/v3/core" xmlns:sp="http://www.utc.fr/ics/scenari/v3/primitive" xmlns:redirect="com.scenari.xsldom.xalan.lib.Redirect" xmlns:scOrigin="eu.scenari.gen.xslt.OriginSrc"><xsl:output method="xml" indent="no" omit-xml-declaration="yes"/><xsl:param name="vAgent"/><xsl:param name="vDialog"/><xsl:template match="*"><xsl:if test="checkNoCycleAgent()"><xsl:value-of select="computeStrAgent(concat('@', getIdNode(.), '_meta/xhtmlContent'))" disable-output-escaping="yes"/></xsl:if></xsl:template><xsl:template match="text()"/></xsl:stylesheet></source></valeur></structure>