<?xml version="1.0" encoding="UTF-8"?>
<structure xmlns:sp="http://www.utc.fr/ics/scenari/v3/primitive" xmlns:sc="http://www.utc.fr/ics/scenari/v3/core" code="pdg_pdg2" racine="//pdg:pdg2" codecomposant="getIdNode(..)" version="1.0" xmlns:pdg="scenari-platform.org:pdg" xmlns:java="http://xml.apache.org/xslt/java"><listenoeuds><noeud cle="l_N9" type="liste"><listeref type="xpathOnSrc-dynamique">listXmlExpr(sp:*, concat('.@/_Nb_', getIdNode(.)))</listeref></noeud></listenoeuds><affichage code="_Nb" racine="sp:*" codecomposant="concat('_Nb_', getIdNode(.))"><intitule type="xpathOnSrc-dynamique">computeStrAgent(concat('@', if(@sc:refUri, getIdFromPath(@sc:refUri), getIdNode(.)), '/shortTitleText'))</intitule><urlPage type="xpathOnSrc-dynamique">if(@sc:refUri, java:getSrcName(srcNodeByXxxPath(@sc:refUri)), '')</urlPage><descriptif type="xpath-statique">concat('&lt;root&gt;', local-name(.), '&lt;/root&gt;')</descriptif><valeur code="description"><source type="xslOnSrc-dynamique"><xsl:stylesheet xmlns:xsl="http://www.w3.org/1999/XSL/Transform" version="1.0" exclude-result-prefixes="sc sp java pdg" extension-element-prefixes="scOrigin" xmlns:pdg="scenari-platform.org:pdg" xmlns:java="http://xml.apache.org/xslt/java" xmlns:sc="http://www.utc.fr/ics/scenari/v3/core" xmlns:sp="http://www.utc.fr/ics/scenari/v3/primitive" xmlns:scOrigin="eu.scenari.gen.xslt.OriginSrc"><xsl:output method="xml" indent="no" omit-xml-declaration="yes"/><xsl:param name="vAgent"/><xsl:param name="vDialog"/><xsl:template match="*"/></xsl:stylesheet></source></valeur><page><modele>main</modele><zone cle="mainZone" type="xslOnSrc-dynamique"><xsl:stylesheet xmlns:xsl="http://www.w3.org/1999/XSL/Transform" version="1.0" exclude-result-prefixes="sc sp java pdg" extension-element-prefixes="scOrigin" xmlns:pdg="scenari-platform.org:pdg" xmlns:java="http://xml.apache.org/xslt/java" xmlns:sc="http://www.utc.fr/ics/scenari/v3/core" xmlns:sp="http://www.utc.fr/ics/scenari/v3/primitive" xmlns:scOrigin="eu.scenari.gen.xslt.OriginSrc"><xsl:output method="xml" indent="no" omit-xml-declaration="yes"/><xsl:param name="vAgent"/><xsl:param name="vDialog"/><xsl:template match="*"><zoneContent><xsl:value-of select="computeStrAgent(concat('@', if(@sc:refUri, getIdFromPath(@sc:refUri), getIdNode(.)), '/xhtmlContent'))" disable-output-escaping="yes"/></zoneContent></xsl:template><xsl:template match="text()"/></xsl:stylesheet></zone></page></affichage></structure>