<?xml version="1.0" encoding="UTF-8"?>
<structure xmlns:xalan="http://xml.apache.org/xalan" xmlns:java="http://xml.apache.org/xslt/java" xmlns:xsl="http://www.w3.org/1999/XSL/Transform" xmlns:sfile="http://www.utc.fr/ics/scenari/v3/file" xmlns:sc="http://www.utc.fr/ics/scenari/v3/core" code="sfile_png" racine="/sfile:png" codecomposant="getIdNode(.)" version="1.0"><valeur code="codeMeta"><source type="xpath-statique">concat(getIdFromPath(concat('src:', java:getSrcUri(srcFileAgent()), '/meta.xml')), '_meta')</source></valeur><valeur code="props"><source type="xslOnSrc-dynamique"><xsl:stylesheet version="1.0" exclude-result-prefixes="xalan sc sp sfm java " xmlns:xsl="http://www.w3.org/1999/XSL/Transform" xmlns:sc="http://www.utc.fr/ics/scenari/v3/core" xmlns:sp="http://www.utc.fr/ics/scenari/v3/primitive" xmlns:sfm="http://www.utc.fr/ics/scenari/v3/filemeta" xmlns:java="http://xml.apache.org/xslt/java" xmlns:xalan="http://xml.apache.org/xalan"><xsl:output method="xml" indent="no" omit-xml-declaration="yes"/><xsl:param name="vDialog"/><xsl:param name="vAgent"/><xsl:param name="vArguments"/><xsl:template match="*"><props><file source="{java:getSrcUri(srcFileAgent())}" baseFileSize="1358"/><xsl:variable name="vNativeDims" select="xalan:tokenize(computeStrAgent('//', concat('get:src:', java:getSrcUri(srcFileAgent()), '?', 'transform=img2img&amp;outType=DIMS&amp;outRules=', &quot;Str(pattern'!wpx_!hpx')&quot;)), '_')"/><image nativeWidth="{round($vNativeDims[1])}" nativeHeight="{round($vNativeDims[2])}"/></props></xsl:template></xsl:stylesheet></source><resultat cache="*"/></valeur>
	
	<valeur code="fullTitleText"><source type="xpathOnSrc-dynamique">concat(returnFirst(computeStrAgent(concat('@', computeStrAgent('//codeMeta'), '', '/fullTitleText')), java:getSrcName(srcFileAgent()), ''), '')</source></valeur>
	<valeur code="shortTitleText"><source type="xpathOnSrc-dynamique">concat(returnFirst(computeStrAgent(concat('@', computeStrAgent('//codeMeta'), '', '/shortTitleText')), java:getSrcName(srcFileAgent()), ''), '')</source></valeur>
	<valeur code="xhtmlContent"><source type="xslOnSrc-dynamique"><xsl:stylesheet version="1.0" exclude-result-prefixes="xalan sc sp sfm java " xmlns:xsl="http://www.w3.org/1999/XSL/Transform" xmlns:sc="http://www.utc.fr/ics/scenari/v3/core" xmlns:sp="http://www.utc.fr/ics/scenari/v3/primitive" xmlns:sfm="http://www.utc.fr/ics/scenari/v3/filemeta" xmlns:java="http://xml.apache.org/xslt/java" xmlns:xalan="http://xml.apache.org/xalan"><xsl:output method="xml" indent="no" omit-xml-declaration="yes"/><xsl:param name="vDialog"/><xsl:param name="vAgent"/><xsl:param name="vArguments"/><xsl:template match="*"><xsl:if test="checkNoCycleAgent()"><div class="binCap "><div class="binCap_co "><img src="{computeStrAgent('//', concat('res:src=src:', java:getSrcUri(srcFileAgent()), ';transform=img2img&amp;sizeRules=Dim(maxDpi''',genProp('bin.dpi-int',300),'''ScSCS(fontPt''',genProp('bin.fontsize-int',9),''')Sc(ratio''',1,'''srcDpi''',96,''')Bounds(unit''cm''maxW''',genProp('bin.width-float',14),'''maxH''',genProp('bin.height-float',23),'''Rotate(ifExplicitlyAllowed''true'')))&amp;outType=PNG&amp;'))}" lookForAlt="{computeStrAgent('//fullTitleText')}" class="binImg "><xsl:variable name="vStylesPropsN29" select="xalan:tokenize(computeStrAgent('//', concat('get:src:', java:getSrcUri(srcFileAgent()), '?', 'transform=img2img&amp;sizeRules=Dim(maxDpi''',genProp('bin.dpi-int',300),'''ScSCS(fontPt''',genProp('bin.fontsize-int',9),''')Sc(ratio''',1,'''srcDpi''',96,''')Bounds(unit''cm''maxW''',genProp('bin.width-float',14),'''maxH''',genProp('bin.height-float',23),'''Rotate(ifExplicitlyAllowed''true'')))&amp;outType=DIMS&amp;', &quot;outRules=Str(pattern'!wcm_!hcm')&quot;)), '_')"/><xsl:variable name="vStylesPropsObjN29" select="java:eu.scenari.transform.img.ImgUtil.getSize(number($vStylesPropsN29[1]), number($vStylesPropsN29[2]), '', '', '', '', '')"/><xsl:attribute name="style">width:<xsl:value-of select="java:getWidth($vStylesPropsObjN29)"/>cm;height:<xsl:value-of select="java:getHeight($vStylesPropsObjN29)"/>cm;</xsl:attribute></img></div><ifText><div class="binCap_ti "><xsl:value-of select="computeStrAgent(concat('@', getIdFromPath(concat('src:', java:getSrcUri(srcFileAgent()), '/meta.xml')), '_meta/fullTitleText'))"/></div></ifText></div></xsl:if></xsl:template></xsl:stylesheet></source></valeur>
</structure>