<?xml version="1.0" encoding="UTF-8"?>
<structure xmlns:xalan="http://xml.apache.org/xalan" xmlns:java="http://xml.apache.org/xslt/java" xmlns:xsl="http://www.w3.org/1999/XSL/Transform" xmlns:sfile="http://www.utc.fr/ics/scenari/v3/file" xmlns:sc="http://www.utc.fr/ics/scenari/v3/core" code="sfile_png_Ainline" racine="/sfile:png" codecomposant="concat(getIdNode(.), '_Ainline')" version="1.0"><valeur code="codeMeta"><source type="xpath-statique">concat(getIdFromPath(concat('src:', java:getSrcUri(srcFileAgent()), '/meta.xml')), '_meta')</source></valeur><valeur code="fullTitleText"><source type="xpath-dynamique">computeStrAgent(concat('@', computeStrAgent('//codeMeta'), '/fullTitleText'))</source></valeur><valeur code="shortTitleText"><source type="xpath-dynamique">computeStrAgent(concat('@', computeStrAgent('//codeMeta'), '/shortTitleText'))</source></valeur><valeur code="props"><source type="xslOnSrc-dynamique"><xsl:stylesheet version="1.0" exclude-result-prefixes="xalan sc sp sfm java " xmlns:xsl="http://www.w3.org/1999/XSL/Transform" xmlns:sc="http://www.utc.fr/ics/scenari/v3/core" xmlns:sp="http://www.utc.fr/ics/scenari/v3/primitive" xmlns:sfm="http://www.utc.fr/ics/scenari/v3/filemeta" xmlns:java="http://xml.apache.org/xslt/java" xmlns:xalan="http://xml.apache.org/xalan"><xsl:output method="xml" indent="no" omit-xml-declaration="yes"/><xsl:param name="vDialog"/><xsl:param name="vAgent"/><xsl:param name="vArguments"/><xsl:template match="*"><props><file source="{java:getSrcUri(srcFileAgent())}" baseFileSize="873"/><xsl:variable name="vNativeDims" select="xalan:tokenize(computeStrAgent('//', concat('get:src:', java:getSrcUri(srcFileAgent()), '?', 'transform=img2img&amp;outType=DIMS&amp;outRules=', &quot;Str(pattern'!wpx_!hpx')&quot;)), '_')"/><image nativeWidth="{round($vNativeDims[1])}" nativeHeight="{round($vNativeDims[2])}"/></props></xsl:template></xsl:stylesheet></source><resultat cache="*"/></valeur>
	
	
	<valeur code="xhtmlContent"><source type="xslOnSrc-dynamique"><xsl:stylesheet version="1.0" exclude-result-prefixes="xalan sc sp sfm java " xmlns:xsl="http://www.w3.org/1999/XSL/Transform" xmlns:sc="http://www.utc.fr/ics/scenari/v3/core" xmlns:sp="http://www.utc.fr/ics/scenari/v3/primitive" xmlns:sfm="http://www.utc.fr/ics/scenari/v3/filemeta" xmlns:java="http://xml.apache.org/xslt/java" xmlns:xalan="http://xml.apache.org/xalan"><xsl:output method="xml" indent="no" omit-xml-declaration="yes"/><xsl:param name="vDialog"/><xsl:param name="vAgent"/><xsl:param name="vArguments"/><xsl:template match="*"><xsl:if test="checkNoCycleAgent()"><img src="{computeStrAgent('//', concat('res:src=src:', java:getSrcUri(srcFileAgent()), ';transform=img2img&amp;sizeRules=Dim(maxDpi''',genProp('bin.dpi-int',300),'''ScSCS(fontPt''',genProp('bin.fontsize-int',9),''')Sc(ratio''',1,'''srcDpi''',96,''')Bounds(unit''cm''maxW''',genProp('bin.width-inline-float',10),'''maxH''',genProp('bin.height-inline-float',2),'''))&amp;outType=PNG&amp;'))}" lookForAlt="{computeStrAgent('//fullTitleText')}" class="binImgInline "><xsl:variable name="vStylesPropsNb" select="xalan:tokenize(computeStrAgent('//', concat('get:src:', java:getSrcUri(srcFileAgent()), '?', 'transform=img2img&amp;sizeRules=Dim(maxDpi''',genProp('bin.dpi-int',300),'''ScSCS(fontPt''',genProp('bin.fontsize-int',9),''')Sc(ratio''',1,'''srcDpi''',96,''')Bounds(unit''cm''maxW''',genProp('bin.width-inline-float',10),'''maxH''',genProp('bin.height-inline-float',2),'''))&amp;outType=DIMS&amp;', &quot;outRules=Str(pattern'!wcm_!hcm')&quot;)), '_')"/><xsl:variable name="vStylesPropsObjNb" select="java:eu.scenari.transform.img.ImgUtil.getSize(number($vStylesPropsNb[1]), number($vStylesPropsNb[2]), '', '', '', '', '')"/><xsl:attribute name="style">width:<xsl:value-of select="java:getWidth($vStylesPropsObjNb)"/>cm;height:<xsl:value-of select="java:getHeight($vStylesPropsObjNb)"/>cm;</xsl:attribute></img></xsl:if></xsl:template></xsl:stylesheet></source></valeur>
</structure>