<?xml version="1.0" encoding="UTF-8"?>
<structure xmlns:xalan="http://xml.apache.org/xalan" xmlns:java="http://xml.apache.org/xslt/java" xmlns:xsl="http://www.w3.org/1999/XSL/Transform" xmlns:sfile="http://www.utc.fr/ics/scenari/v3/file" xmlns:sc="http://www.utc.fr/ics/scenari/v3/core" code="sfile_png_Aurl" racine="/sfile:png" codecomposant="concat(getIdNode(.), '_Aurl')" version="1.0"><valeur code="codeMeta"><source type="xpath-statique">concat(getIdFromPath(concat('src:', java:getSrcUri(srcFileAgent()), '/meta.xml')), '_meta')</source></valeur><valeur code="fullTitleText"><source type="xpath-dynamique">computeStrAgent(concat('@', computeStrAgent('//codeMeta'), '/fullTitleText'))</source></valeur><valeur code="shortTitleText"><source type="xpath-dynamique">computeStrAgent(concat('@', computeStrAgent('//codeMeta'), '/shortTitleText'))</source></valeur><valeur code="props"><source type="xslOnSrc-dynamique"><xsl:stylesheet version="1.0" exclude-result-prefixes="xalan sc sp sfm java " xmlns:xsl="http://www.w3.org/1999/XSL/Transform" xmlns:sc="http://www.utc.fr/ics/scenari/v3/core" xmlns:sp="http://www.utc.fr/ics/scenari/v3/primitive" xmlns:sfm="http://www.utc.fr/ics/scenari/v3/filemeta" xmlns:java="http://xml.apache.org/xslt/java" xmlns:xalan="http://xml.apache.org/xalan"><xsl:output method="xml" indent="no" omit-xml-declaration="yes"/><xsl:param name="vDialog"/><xsl:param name="vAgent"/><xsl:param name="vArguments"/><xsl:template match="*"><props><file source="{java:getSrcUri(srcFileAgent())}" baseFileSize="312" outType=""><xsl:variable name="vTransform" select="concat('copy=res','')"/><xsl:attribute name="transform"><xsl:value-of select="$vTransform"/></xsl:attribute><xsl:variable name="vDimTransform" select="concat('transform=img2img&amp;outType=DIMS&amp;','')"/><xsl:attribute name="dimTransform"><xsl:value-of select="$vDimTransform"/></xsl:attribute></file><xsl:variable name="vNativeDims" select="xalan:tokenize(computeStrAgent('//', concat('get:src:', java:getSrcUri(srcFileAgent()), '?', 'transform=img2img&amp;outType=DIMS&amp;outRules=', &quot;Str(pattern'!wpx_!hpx')&quot;)), '_')"/><image nativeWidth="{round($vNativeDims[1])}" nativeHeight="{round($vNativeDims[2])}"><xsl:variable name="vTransformedDims" select="xalan:tokenize(computeStrAgent('//', concat('get:src:', java:getSrcUri(srcFileAgent()), '?', 'transform=img2img&amp;outType=DIMS&amp;', &quot;outRules=Str(pattern'!wpx_!hpx')&quot;)), '_')"/><xsl:attribute name="transformedWidth"><xsl:value-of select="round($vTransformedDims[1])"/></xsl:attribute><xsl:attribute name="transformedHeight"><xsl:value-of select="round($vTransformedDims[2])"/></xsl:attribute></image></props></xsl:template></xsl:stylesheet></source><resultat cache="*"/></valeur>
	
	
	<listenoeuds><noeud type="singleton" cle="b_Nb"><ref>.@/_Nb</ref></noeud></listenoeuds><affichage code="_Nb"><urlPage type="xpathOnSrc-dynamique">computeStrAgent('//', concat('res:src=src:', java:getSrcUri(srcFileAgent()), ';copy=res'))</urlPage></affichage>
</structure>