<?xml version="1.0" encoding="UTF-8"?>
<structure xmlns:sp="http://www.utc.fr/ics/scenari/v3/primitive" xmlns:sc="http://www.utc.fr/ics/scenari/v3/core" code="pdg_pdgMeta_Agallery" racine="//pdg:pdgMeta" codecomposant="concat(getIdNode(..), '_meta_Agallery')" version="1.0" xmlns:pdg="scenari-platform.org:pdg" xmlns:java="http://xml.apache.org/xslt/java"><intitule type="resultat-dynamique">agent=//fullTitleText</intitule><valeur code="fullTitleText"/><valeur code="shortTitleText"/><valeur code="xhtmlContent"><source type="xslOnSrc-dynamique"><xsl:stylesheet xmlns:xsl="http://www.w3.org/1999/XSL/Transform" version="1.0" exclude-result-prefixes="sc sp java pdg" extension-element-prefixes="scOrigin redirect" xmlns:pdg="scenari-platform.org:pdg" xmlns:java="http://xml.apache.org/xslt/java" xmlns:sc="http://www.utc.fr/ics/scenari/v3/core" xmlns:sp="http://www.utc.fr/ics/scenari/v3/primitive" xmlns:redirect="com.scenari.xsldom.xalan.lib.Redirect" xmlns:scOrigin="eu.scenari.gen.xslt.OriginSrc"><xsl:output method="xml" indent="no" omit-xml-declaration="yes"/><xsl:param name="vDialog"/><xsl:param name="vAgent"/><xsl:variable name="vCounter" select="java:com.scenari.s.fw.utils.HDouble.new()"/><xsl:template match="*"><xsl:for-each select="sp:photo"><xsl:value-of select="computeStrAgent(concat('@', getIdFromPath(@sc:refUri), '_Agallery/xhtmlContent'))" disable-output-escaping="yes"/></xsl:for-each></xsl:template></xsl:stylesheet></source></valeur></structure>