<?xml version="1.0" encoding="UTF-8"?>
<se:editor xmlns:sp="http://www.utc.fr/ics/scenari/v3/primitive" xmlns:sc="http://www.utc.fr/ics/scenari/v3/core" xmlns:cv="scenari-platform:cv" xmlns="http://www.mozilla.org/keymaster/gatekeeper/there.is.only.xul" xmlns:se="http://www.utc.fr/ics/scenari/v3/editing" se:namespaces="true">
<se:lib xmlns:se="http://www.utc.fr/ics/scenari/v3/editing"><element se:id="cv_infopd" type="cv_infopd##" se:bind="element" se:name="cv:infopd" se:title="Info Partie Droite" se:declareNs="sp sc cv" abstractXsl="chrome://cv0-0_1/content/cv_infopd/titles.xsl"><childs><se:ref se:refid="s_content"/></childs></element><hiddenElement se:id="cv_infopd:hideHeader" type="cv_infopd#" se:bind="element" se:name="cv:infopd" se:title="Info Partie Droite" se:declareNs="sp sc cv"><childs><se:ref se:refid="s_content"/></childs></hiddenElement><se:template se:id="s_content">
		<element se:bind="elementSubtree" se:name="sp:b1" se:title="Titre / Sous titre" fuzzyPaste="full" se:card="?" abstractXsl="chrome://cv0-0_1/content/cv_infopd/titles.xsl" opened="true" type="cv_infopd##"><childs><se:ref se:refurl="chrome://cv0-0_1/content/bs_sTitle/form.xed.xml#title" se:card="1"/></childs></element>
		<element se:bind="elementSubtree" se:name="sp:b2" se:title="Mon rôle" fuzzyPaste="full" se:card="?" abstractXsl="chrome://cv0-0_1/content/cv_infopd/titles.xsl" type="cv_infopd##"><childs><se:ref se:refurl="chrome://cv0-0_1/content/cv_contm/form.xed.xml#cv_contm:hideHeader"/></childs></element>
		<element se:bind="elementSubtree" se:name="sp:b3" se:title="Réalisations" fuzzyPaste="full" se:card="?" abstractXsl="chrome://cv0-0_1/content/cv_infopd/titles.xsl" type="cv_infopd##"><childs><se:ref se:refurl="chrome://cv0-0_1/content/cv_contr/form.xed.xml#cv_contr:hideHeader"/></childs></element>
		<element se:bind="elementSubtree" se:name="sp:b4" se:title="Expériences" fuzzyPaste="full" se:card="?" abstractXsl="chrome://cv0-0_1/content/cv_infopd/titles.xsl" type="cv_infopd##"><childs><se:ref se:refurl="chrome://cv0-0_1/content/cv_conte/form.xed.xml#cv_conte:hideHeader"/></childs></element>
		<element se:bind="elementSubtree" se:name="sp:b5" se:title="Compétences techniques" fuzzyPaste="full" se:card="?" abstractXsl="chrome://cv0-0_1/content/cv_infopd/titles.xsl" type="cv_infopd##"><childs><se:ref se:refurl="chrome://cv0-0_1/content/cv_contco/form.xed.xml#cv_contco:hideHeader"/></childs></element>
	</se:template></se:lib></se:editor>